driver_name,truck_number,type_of_cargo,start_point,destination,distance_in_km,truck_base_volume,current_cargo_volume,delivery_date
Molly Torres,1043,Clothing,North Jason,East James,404,44,34,2023-12-23
Jennifer Rogers,6352,Clothing,New Nicholastown,Port Stephenfort,307,99,92,2023-11-29
Gary Burke,5841,Clothing,Garnermouth,Brendamouth,94,29,17,2023-12-17
Xavier Navarro,7660,Clothing,South Cheryl,Colemanhaven,173,30,22,2023-12-05
Steve Patterson,9094,Clothing,South Katie,East Debraview,434,34,32,2023-12-27
Jeffrey Torres,8997,Clothing,New Heatherville,Greenburgh,163,99,16,2023-12-27
Randy Gray,6857,Furniture,North Pamela,Reidfurt,61,31,23,2023-12-15
John Manning,5102,Electronics,North Sarah,Michaelburgh,143,70,4,2023-12-15
Julie Guerra,3554,Furniture,Amandamouth,New Ryanport,347,88,13,2023-12-24
Kelsey Miles,5587,Clothing,West Whitneybury,West Melinda,154,67,10,2023-12-18
Laura Guerrero,4976,Electronics,Kennedyborough,Alvaradohaven,372,84,38,2023-12-22
Miguel Mcdonald,3400,Furniture,Walkershire,South Frankfurt,233,48,20,2023-12-04
James Hines,3096,Furniture,Stephanieton,East Christinemouth,275,89,47,2023-12-14
Richard Andersen,1192,Clothing,Brookefort,West Mary,437,51,51,2023-12-19
Jeffery Mendoza,5436,Electronics,Ronniechester,Lake Christinebury,326,84,3,2023-12-07
James Zuniga,1008,Clothing,East Kevin,North Karen,449,93,14,2023-12-26
Tracie Wall,8390,Food,New George,West Ryanton,82,89,45,2023-12-15
Bruce King,6412,Clothing,Port Henry,Lake Laurenton,165,42,15,2023-12-08
Lydia Ingram,7021,Electronics,East Andrew,West James,241,51,28,2023-12-15
Shannon Torres,1472,Electronics,Maryborough,Jefftown,249,91,73,2023-12-27
Kim Vega,4480,Furniture,Jesseview,North Deniseville,457,49,39,2023-12-23
Katie Rice,8277,Food,North Veronicaton,West Kari,180,46,24,2023-12-05
Michael Chapman,6820,Clothing,Edwardsville,Cardenasmouth,164,82,16,2023-12-14
Sara Williams,7292,Furniture,Desireemouth,Sandrafurt,305,65,65,2023-12-14
Joshua Johnson,6145,Clothing,Vasquezmouth,Lake Anna,218,57,21,2023-12-25
Erica Gibbs,9848,Electronics,East Erica,Griffithville,401,74,18,2023-12-20
Nathan Braun,9884,Furniture,West Jacobland,Gardnerfort,360,94,79,2023-12-17
David Edwards,6274,Electronics,Susanport,Travisfort,286,28,2,2023-12-03
Rebecca Wolfe,7280,Electronics,Port Victoriaton,Maryshire,93,84,67,2023-12-25
Thomas Horton,4792,Electronics,Taylorfort,New Anthony,263,61,35,2023-12-13
Dean Cook,8318,Electronics,Alisonville,Flynnton,80,58,4,2023-12-11
Lori Rodgers,5159,Electronics,Lake Jimmyborough,New Bryan,323,45,43,2023-12-27
Patrick Mann,7388,Clothing,Lake Cameronfurt,Sanchezside,322,22,0,2023-12-23
Brenda Johnson,3587,Electronics,Williambury,South Ronald,59,64,57,2023-12-15
Gabriela Matthews,6903,Electronics,Ramirezport,Torresshire,84,81,58,2023-12-12
Adam Howe,9150,Electronics,Virginiachester,Lake Madison,151,83,66,2023-12-17
Carolyn Andersen,5435,Food,Lauramouth,Calvinstad,308,44,10,2023-12-17
Phillip Bailey,3990,Food,Muellerville,West Richardview,373,50,46,2023-12-15
Ms. Kimberly Moon,7011,Clothing,Angelhaven,Scottport,196,52,27,2023-11-29
Mary Johnson,8067,Furniture,Port Joelview,Danielmouth,446,100,65,2023-12-18
Sarah Murray,4747,Clothing,Lorifort,Christopherport,472,38,19,2023-12-25
Terri Richards,6286,Food,Evansborough,South Robin,446,60,60,2023-12-14
Alexis Krueger,3646,Clothing,East Samuelland,South Angela,471,98,75,2023-12-23
Duane Mendoza,1665,Electronics,Carlsonmouth,New Brittany,450,85,60,2023-12-16
Elizabeth Gonzalez,4113,Electronics,North Susan,South Joshua,136,59,3,2023-11-29
Jenna Burnett,5414,Electronics,Acevedofurt,Justinburgh,251,65,35,2023-12-06
Daniel Howell DDS,1234,Furniture,South Sarah,South Leeton,283,47,4,2023-12-22
Jackson Simpson,8325,Clothing,North Cindyton,East Timothyport,117,20,0,2023-12-23
Jason Burke,4930,Clothing,Jasminefort,North Wendy,435,20,17,2023-12-04
David Turner,5102,Furniture,New Shawnashire,Kristenland,131,88,46,2023-12-10
Jacqueline Bryant,9347,Food,Lawsonhaven,New Davidhaven,178,54,18,2023-12-22
Michael Rodriguez,6585,Clothing,East Douglas,North Adam,251,96,36,2023-11-30
Justin Wolfe,6848,Food,Richardfort,Lake Richard,68,21,0,2023-12-13
Amber Rios,6116,Furniture,North Christopherstad,Port Michael,462,31,5,2023-12-28
Glen Quinn,3443,Food,Amberberg,Smithberg,292,20,18,2023-12-10
Sandra Jones,9977,Furniture,Williambury,Campbellburgh,177,80,30,2023-12-11
James Roth,3021,Clothing,Johnsonborough,West Johntown,381,75,16,2023-12-01
Thomas Burke,7160,Electronics,North Kyleland,New Brandimouth,90,89,7,2023-12-06
Mario Weaver,8493,Electronics,Stephenfort,Carolinemouth,202,77,33,2023-11-29
John Wagner,9982,Food,Mcgeeville,Sarahville,155,99,61,2023-12-01
Lindsey Daniel,2086,Clothing,Alexandriaton,Chavezside,485,59,56,2023-12-01
Casey Jimenez,9988,Furniture,East Regina,New Derekmouth,238,44,1,2023-12-26
Michelle Young,5217,Food,Theresaberg,East Ashleyshire,246,46,13,2023-12-19
Kathryn Rodriguez,7639,Electronics,North Kellyburgh,Ochoahaven,385,38,20,2023-12-01
Nancy Simmons,2091,Furniture,Port Paul,Warrenport,434,60,12,2023-12-05
Mark Thompson,6408,Clothing,Port Donna,Lake Gregory,442,31,29,2023-12-15
Danny Perez,5194,Clothing,North Sarahton,South Amy,90,25,11,2023-12-10
Kevin Cannon,8241,Furniture,North Bradleyview,Port Julia,492,99,27,2023-12-08
Jacob Davidson,9294,Clothing,Parkerview,East Theresaborough,267,64,12,2023-12-27
Lisa Rivera,8166,Food,Princeshire,Hillmouth,442,95,94,2023-12-23
Joshua Mcdonald,7992,Food,New Kylemouth,New Lisa,490,25,23,2023-12-11
Anthony Williams,3767,Furniture,Horneburgh,Port Josephfort,333,65,62,2023-12-02
Alan Oneill,7274,Electronics,Williamsberg,North Stephen,185,60,12,2023-12-16
Maria Martinez,5483,Electronics,West Kimberly,East Holly,186,44,40,2023-12-19
Stephanie Fisher,3976,Clothing,Adrianside,Jasontown,219,81,68,2023-12-27
Kendra Brown,7743,Food,East Josephville,Harpertown,270,76,44,2023-12-12
Christopher Williams,4391,Food,Port Jodi,Walshport,143,30,24,2023-12-06
Diane Munoz,6974,Electronics,Jenniferview,Nancyport,105,25,20,2023-12-18
Kristin Davis,8788,Furniture,Ianview,North Elizabethmouth,224,28,2,2023-12-27
Larry Bennett,7743,Clothing,Stevenfort,Smallburgh,317,78,42,2023-12-18
Kim Strickland,8323,Electronics,Garybury,Evansstad,245,74,68,2023-12-20
Louis Smith,4958,Electronics,Gabrielaberg,Sarahview,162,76,40,2023-12-14
Kelsey Mitchell,5921,Clothing,East Andrewborough,Casefort,236,40,4,2023-12-08
Ruth Sanchez,4088,Food,North Nancyview,Lake Scott,421,67,0,2023-12-04
Roger Evans,3271,Food,Port Danielstad,Shortview,374,30,0,2023-12-06
Paula Moore,3989,Electronics,North John,Lake Scottstad,285,68,23,2023-12-24
Kaitlin Jackson,1844,Clothing,Williamberg,Gibbsfort,439,77,71,2023-12-26
Katherine Stevens,6189,Clothing,Christopherbury,Cynthiastad,373,45,27,2023-12-09
Jesus Mcguire,8110,Clothing,Smithshire,Carolynfort,182,84,40,2023-12-15
Peter Greene,7357,Furniture,Benjaminmouth,West Matthew,458,83,35,2023-12-01
Paul Benton,7987,Food,East Timothy,East Haleyville,301,32,16,2023-12-25
Theresa Dodson,9301,Food,Robertoshire,West Katie,123,98,7,2023-12-16
Angela Evans,5941,Clothing,South Maryfurt,Robertsbury,409,27,16,2023-12-13
Rachael Garrett,4388,Furniture,South Jessebury,East Jesse,247,30,13,2023-12-25
Christopher Wilson,1436,Clothing,Millerstad,South Carrie,128,99,79,2023-12-25
Heather Velez,9971,Furniture,Port Riley,Lake Jeffery,244,90,12,2023-12-03
Calvin Jones,2524,Furniture,Schmidtland,Murraytown,152,48,27,2023-12-22
Anthony Mcgrath,8017,Clothing,Richardtown,Smithborough,234,83,83,2023-12-23
Zachary Cordova,6214,Clothing,Manningstad,Jacksontown,442,24,19,2023-12-23
Andrea Howell,2212,Furniture,Laurafort,Lake Austin,163,44,7,2023-12-01
Stephen Thompson,8188,Furniture,Port Gregory,Caseymouth,75,65,19,2023-12-16
Evelyn Liu,3419,Food,New Matthew,Mannland,320,68,38,2023-12-12
Leah Howell,6983,Electronics,West Jeffreyfort,Thompsonshire,476,32,10,2023-12-05
Jessica Shea,8860,Furniture,Harringtonhaven,Laneside,271,49,12,2023-12-27
Thomas Bullock,9498,Electronics,Port Dianetown,New Annbury,298,22,4,2023-11-29
Debbie Long,5308,Food,Port Bobby,Durhamburgh,328,90,0,2023-12-23
Christine King,9017,Furniture,East Taylor,Mooneystad,89,97,12,2023-12-02
Erik Church,6080,Electronics,Samanthaport,Lake Marcusburgh,239,29,22,2023-12-03
Adam Kelly,4667,Furniture,South Michael,Phillipsland,478,83,34,2023-11-29
Kevin Hernandez,2086,Furniture,Jonathanfurt,South Timothy,415,36,2,2023-12-16
Jason Nash,6164,Furniture,Michellehaven,Kellyfort,165,68,29,2023-12-10
Joseph Kemp,5129,Clothing,Rogerside,Port Sarah,404,24,6,2023-12-11
Jesus Ray,1234,Clothing,East Renee,Katherinemouth,169,21,17,2023-12-11
Laura Boyd,6168,Electronics,Margaretview,North Davidburgh,114,55,19,2023-11-29
Chad Spencer,1709,Clothing,Priceberg,Stephenmouth,124,72,9,2023-12-11
Christopher Marks,6874,Clothing,Larsonfort,Lake Madisonburgh,136,99,25,2023-12-24
Kimberly Stone,4162,Electronics,Higginshaven,Port Shelby,389,36,6,2023-12-16
Alicia Perez,9655,Food,Gonzalezfort,Aaronburgh,221,89,32,2023-12-02
Nicole Schroeder,8798,Food,Michaelshire,West Nathaniel,183,23,3,2023-12-09
James Scott MD,5617,Clothing,Hesterland,Veronicaport,403,80,58,2023-12-09
Lisa Sanchez,9917,Clothing,West Kellymouth,Priceburgh,106,73,21,2023-12-18
Rita Garcia,3545,Electronics,Bennettland,Briannafurt,202,64,54,2023-11-30
Tammy Rodriguez,2111,Electronics,Copelandmouth,Veronicaberg,421,73,46,2023-12-05
Robin Bowers,1590,Clothing,Alvaradoville,Davidtown,371,36,32,2023-12-24
Franklin Wolf,7483,Electronics,Lake Josebury,Lake Kimberlyshire,468,28,1,2023-12-25
Leslie Wells,7734,Electronics,North Brandon,Ramirezport,147,74,2,2023-12-23
Teresa Watts,6272,Clothing,Wilsontown,Robertberg,438,43,34,2023-11-29
Jorge Morales,6585,Clothing,Port Ruben,North Chris,122,40,23,2023-12-05
Adam Anthony,6322,Clothing,Malonestad,South Nicholas,130,50,7,2023-12-26
Marie Marquez,9342,Clothing,Amandaview,Christinamouth,416,49,41,2023-12-20
Laurie King,6403,Electronics,North Amanda,Jeremyville,261,29,25,2023-12-14
Heather Lucero,6769,Furniture,Lozanoborough,East Christopherbury,444,32,21,2023-12-18
Marie Finley,5958,Clothing,North Marcusborough,Davischester,420,98,69,2023-12-24
Elizabeth Pugh,3140,Furniture,Bryanview,Jasonfurt,356,72,64,2023-12-01
Laura Parker,6389,Clothing,West Anthony,North Nicholas,207,88,3,2023-12-05
Richard Gillespie,1104,Furniture,Smithbury,Colefort,500,96,2,2023-11-30
John Pruitt,9329,Electronics,Susanfort,South Douglasland,258,67,64,2023-12-27
Julie Obrien,4067,Electronics,Mayofort,Rhondashire,401,39,4,2023-12-27
Lisa Adams,7314,Clothing,Angelamouth,Lake Stanley,214,34,13,2023-12-05
Jessica Love,5386,Food,East Paulbury,Mccoyport,160,48,4,2023-11-29
Anita Reyes,8628,Food,North Justin,Andersontown,225,80,20,2023-12-03
Christine Reynolds,2557,Electronics,West Michelle,Lake Mark,461,87,7,2023-12-12
Melissa Mcgrath,9051,Clothing,New Amyport,Washingtonmouth,284,71,55,2023-12-26
Louis Allen,4028,Clothing,Port Andrew,Shawnmouth,170,90,0,2023-12-10
Jesus Hayes,6116,Furniture,Keithmouth,Diazville,395,41,11,2023-12-03
Jordan Zimmerman,1200,Furniture,South Tiffanyview,West Katrina,488,37,3,2023-12-28
Cory Thomas,1169,Electronics,Brendashire,North Christine,362,47,0,2023-12-18
Kristine Mitchell,6394,Electronics,Silvaside,Lake Grace,117,43,35,2023-12-07
Brian Weber,1727,Clothing,South David,East Natalie,183,67,59,2023-12-27
Richard Conner,1590,Food,Kristiefort,Rosariomouth,282,31,15,2023-12-17
Joseph Lopez,2153,Furniture,North Christopherville,Gomezburgh,369,46,40,2023-12-04
Rebecca Ryan,6124,Furniture,Brianland,North Patrickmouth,361,99,81,2023-12-05
Kenneth Torres,2091,Clothing,Hallborough,Lake Meganbury,258,58,9,2023-11-30
Shane Luna,7378,Furniture,Santiagomouth,Markland,335,69,35,2023-12-07
Gerald Wong,2009,Clothing,South Paulland,Mcgeefort,148,27,19,2023-12-08
Patrick Weiss,9743,Furniture,Holmeschester,East Daniel,417,88,64,2023-12-04
Laura Anderson DDS,9203,Electronics,East Jesseview,North Chelseaport,129,49,47,2023-11-30
Nicole Ramirez,6294,Furniture,Williamsside,Bellbury,330,27,12,2023-12-01
Andrew Porter,9276,Food,Heberthaven,North Stephenside,225,52,33,2023-11-29
Jade Wright,7199,Food,Stephanieton,Stephensfort,183,83,25,2023-12-23
Nicole Chan,6381,Clothing,Mossstad,Peterton,381,56,42,2023-12-08
Robin Coleman,8407,Clothing,North Joseph,Brownmouth,441,29,28,2023-12-10
Taylor Lewis,3952,Clothing,Burkechester,West Hannahchester,86,29,27,2023-12-16
Frederick Campbell,8382,Food,West Brooke,Staffordmouth,436,96,57,2023-11-29
Karen Christensen,9666,Furniture,Frankburgh,Port Kevin,453,58,38,2023-12-18
Evelyn Maldonado,7095,Furniture,Sarahstad,East Jacqueline,343,98,96,2023-12-13
Alexander Wright,3158,Food,Port Michael,Gomeztown,184,69,41,2023-12-25
Steve Brady,5890,Clothing,Charlesburgh,Matthewburgh,302,67,22,2023-12-27
Crystal Turner,6117,Clothing,Jonathanburgh,Shannonshire,145,39,16,2023-12-15
David Chang,2943,Food,Michaelton,New Wayneburgh,223,93,4,2023-12-19
Dennis Watts,7335,Food,Christinatown,Masonstad,462,34,22,2023-12-17
Mark Long,9424,Furniture,Haleychester,North Joshuafurt,489,21,4,2023-12-08
Nicholas Gonzales,9941,Furniture,Matthewsland,West Meganhaven,80,59,17,2023-12-23
Christopher Khan,4717,Furniture,New Davidside,Williamchester,381,93,37,2023-12-16
Jessica Humphrey,1615,Electronics,East Daniellefort,Brentfurt,500,21,19,2023-11-29
David Miller,6800,Furniture,New Crystalton,North Joseph,497,61,56,2023-12-13
Jacqueline Bruce,9272,Clothing,East Robert,Danielsland,221,92,14,2023-12-19
Edward Curtis,3278,Food,Lake Drew,Schmidtland,330,62,14,2023-12-28
Timothy Love,7374,Food,Averyside,Port Laura,275,86,7,2023-12-04
Jennifer Carter,9560,Furniture,Lake Andrewview,Michaelfurt,476,43,40,2023-12-20
Renee Jenkins,9143,Electronics,South Lisaport,Gonzalezfort,442,59,21,2023-12-18
Laurie Price,1969,Food,Terryside,Lake Jacobmouth,188,98,86,2023-12-12
Mr. William Williams,9935,Furniture,Cindyfort,West Maryport,391,88,47,2023-12-16
Robin Johnson,4429,Food,Bryanview,North Blaketon,464,92,35,2023-12-08
Michael Johnson DDS,3159,Electronics,Karenside,South Michael,311,28,17,2023-12-27
Robin Ross,9953,Electronics,North Joditown,East Kimberly,205,45,8,2023-12-13
Nicole Juarez,6164,Electronics,Hawkinsfurt,Nicolehaven,447,35,9,2023-12-20
Justin Bradshaw,7505,Furniture,Sotoview,South Matthew,344,97,39,2023-12-08
Stephanie Green,9505,Food,Bergfort,South Antonio,340,56,35,2023-12-25
Danielle Powell,8867,Furniture,North Lindseyview,South Sara,458,27,12,2023-12-10
Lisa Curtis,3521,Food,Thomasfort,Lewisburgh,318,70,69,2023-12-01
Mrs. Jacqueline Walters,9227,Electronics,Nelsontown,Lake Stevenville,334,68,37,2023-11-29
Jodi Johnson,1590,Clothing,Lake Jaimestad,West Nicolasside,250,76,63,2023-12-18
Adam Hall,7364,Food,Port Tammy,New Beckybury,498,59,22,2023-12-25
Timothy Harris,3659,Furniture,South Patrick,Port Matthewport,428,61,26,2023-12-14
Carolyn Phillips MD,3597,Furniture,Luisview,Lake Bonniefort,260,95,86,2023-12-10
Kimberly Hoffman,7639,Furniture,West Henry,Port David,277,78,10,2023-12-25
Casey Garcia,1445,Furniture,Olsonberg,Lake Daniel,136,96,69,2023-12-08
Elizabeth Smith,2858,Electronics,Lake Brianbury,West Jasminefort,352,31,9,2023-12-02
Dr. Andrea Jones DVM,3874,Electronics,Port Jennifer,Medinaburgh,253,27,22,2023-12-18
Christine Lee,7299,Clothing,West Melissaborough,Ruizfurt,207,96,14,2023-12-16
Joshua Hubbard,2960,Furniture,Vaughnborough,Hancockfurt,69,56,2,2023-12-16
Ann Hoover,4414,Furniture,Flynnville,North Laurastad,66,87,79,2023-11-30
Paul Hernandez,2802,Furniture,New Brian,Moorechester,200,91,85,2023-12-15
Timothy Ford,1378,Furniture,Brightton,West Amanda,213,77,51,2023-12-05
Patricia Smith,7660,Clothing,Lake Kelli,Randymouth,382,83,48,2023-12-04
Karen Edwards,5661,Furniture,Gonzalezfort,North William,202,65,14,2023-12-27
Sandra Taylor,7207,Clothing,Port Georgemouth,Anthonyburgh,203,58,5,2023-12-12
Amanda Scott,9767,Food,West Christianshire,Jessicaville,319,87,50,2023-12-21
Edward Thomas,6408,Food,Carolynfurt,South Thomasmouth,62,68,2,2023-12-03
Joseph Rice,9729,Electronics,Youngstad,East Michaeltown,498,46,8,2023-12-06
David Guerrero,8865,Furniture,West Stephaniefurt,Lake Angelastad,301,39,10,2023-12-04
Jasmine Riddle,9658,Clothing,Christyland,Yatesberg,120,31,31,2023-12-15
Kimberly Walls,3804,Furniture,Port Alice,Williamhaven,185,44,28,2023-12-24
Jacob Williams,7547,Furniture,Lake Billy,Lake Ericburgh,317,35,4,2023-12-04
Jorge Weber,6914,Clothing,West Kayla,New Heathermouth,283,98,83,2023-12-11
Dr. Amber Cox,7128,Furniture,Ortizburgh,West Patrick,113,90,18,2023-12-19
Justin Patton,7724,Electronics,New Danafurt,Brownmouth,366,100,8,2023-12-14
Laura Boone,6857,Clothing,Richardville,New Carrie,184,63,50,2023-11-29
William Jones,7199,Electronics,Port Cindyton,Michaelside,474,45,17,2023-12-17
Ashley Morris,4480,Food,South Alexafurt,East Janefurt,71,31,8,2023-12-27
Ann Williams,3767,Electronics,New Philip,South Christine,294,25,15,2023-12-02
Katie Davis,8751,Food,West Tara,East Michael,308,93,75,2023-12-11
Anthony Love,7019,Electronics,Barnesport,West Natalie,78,82,65,2023-12-20
Janet Boyd,7671,Electronics,South Cameron,Richardburgh,410,80,64,2023-11-29
Jennifer Caldwell,7660,Food,Millerport,East Benjamin,403,82,14,2023-12-19
Samantha Wells,8033,Furniture,Whitneybury,Lake Sandra,295,96,82,2023-12-23
David Scott,1278,Food,West Michael,North Jacobmouth,125,79,1,2023-12-18
Stephanie Terry,5316,Clothing,Jessicahaven,Port Kenneth,219,84,9,2023-12-06
Jason Buchanan,2199,Clothing,North Justinfort,Port Victoriafurt,485,92,17,2023-12-27
Zachary Lloyd,2707,Food,New Sarah,East Barbarafort,70,71,71,2023-12-01
Robert Bauer,3001,Food,Garrettfort,Lake Leahfort,109,29,10,2023-12-06
Philip Gonzalez,3720,Clothing,Lake Helenburgh,South Jenniferport,445,32,25,2023-12-08
April Butler,1129,Electronics,Kimberlyfurt,Davisview,133,49,29,2023-12-08
James Olsen,2629,Furniture,Rebeccaville,Boothton,197,38,6,2023-12-19
Olivia Lowery,9066,Clothing,Stephaniebury,Padillastad,373,65,12,2023-12-09
William Johnson,6538,Clothing,West Jessicatown,Marksbury,371,95,4,2023-12-03
Anthony Peterson,6413,Electronics,South Julieview,Stephenhaven,129,47,34,2023-12-03
Courtney Ellis,2991,Furniture,Lake Mirandahaven,New Faithville,269,33,22,2023-12-23
Sarah Bryant,6301,Food,Marcborough,Elliottview,341,73,9,2023-12-07
Theresa Stewart,5990,Furniture,New Cameronfurt,New Jacqueline,236,49,13,2023-12-11
Tonya Johnson,7274,Clothing,Michaelfort,Floresfurt,490,52,50,2023-12-01
Todd Morgan,8923,Food,Port Nicholas,North Carolynburgh,393,20,13,2023-12-14
Mary Ali,9276,Clothing,Judymouth,Lake Martin,59,43,35,2023-12-24
Monique Long,4171,Furniture,Tuckerfort,South Jacqueline,230,48,45,2023-12-07
Melinda Ramirez,6448,Food,Bryanhaven,Lake Debra,72,86,72,2023-12-10
Anita Rodriguez,8856,Furniture,West Josephfurt,Bishopfurt,131,31,17,2023-12-24
Benjamin Anderson,7659,Clothing,Perezport,Nealmouth,274,64,28,2023-12-24
Jessica Wade,6294,Food,East Aaronport,New Derrick,94,66,53,2023-12-15
Ryan Martinez,3400,Food,Lake Stacy,Whitakerberg,251,34,15,2023-12-03
Kathryn Jones,4327,Furniture,New Alyssaport,West Scott,316,20,0,2023-12-09
Michael Brown,4193,Electronics,West Brianfurt,North Carlfort,485,79,2,2023-12-22
Jeffrey Clarke,2885,Electronics,Lloydfurt,Kathyhaven,73,65,2,2023-12-02
Sandra Jones,6974,Food,Robertsonfurt,Schmidtmouth,393,57,53,2023-12-22
Vicki Calderon,2629,Food,North Timothyport,New David,224,90,14,2023-11-29
Sarah Romero,9589,Electronics,Jacksonville,North Saraborough,408,70,20,2023-12-14
Amy Sharp,7438,Electronics,Brendabury,New Valeriemouth,424,40,5,2023-12-27
Cheryl Downs,1043,Electronics,Kennethburgh,Lake Jerry,472,39,23,2023-12-02
Eric Perez,2347,Furniture,Christineport,Port Kenneth,177,75,67,2023-12-24
Katherine Howe MD,9743,Furniture,Lake Stephen,Jenniferville,374,75,68,2023-12-25
Cynthia Terry,3924,Clothing,East Lauren,Lesterborough,298,42,20,2023-12-17
Mrs. Darlene Farmer,2256,Furniture,Trevinofurt,East Joeltown,58,70,41,2023-12-24
Ashley Cervantes,1562,Electronics,West Laurie,Washingtonmouth,191,88,87,2023-11-30
Connor Pittman,5159,Furniture,Jonathanton,East Janice,380,37,15,2023-12-21
Eric Gonzalez,7594,Food,North Matthewchester,Ericstad,128,50,15,2023-12-24
Mark Hogan,7274,Furniture,East Jeffreyfort,East Laura,131,60,40,2023-12-24
Amanda Baird,9712,Furniture,Lake Emily,Susanmouth,113,49,7,2023-12-08
John Pope,1858,Food,East Nicholas,East Victoriaborough,108,71,47,2023-12-17
Christopher Goodwin,9104,Electronics,Floresview,Lake John,183,84,50,2023-12-01
Christine Gibson,1709,Clothing,Lake Michelle,North Nancy,80,59,41,2023-12-11
David Rollins,2086,Electronics,West Dawnburgh,Kariberg,431,85,46,2023-12-08
Robert Mills PhD,2509,Electronics,Autumnbury,Wardland,79,34,3,2023-12-28
Kim Tucker,9203,Electronics,New Mariamouth,Port Danielleton,252,51,40,2023-12-25
Carly Walters,3507,Clothing,West George,Leetown,126,39,30,2023-12-21
Adriana Flores,4171,Electronics,Port Dustin,Pughborough,132,93,32,2023-12-07
Christopher Hayes,9505,Furniture,Brownbury,North Jennifer,301,77,54,2023-11-30
Megan Jenkins,8110,Furniture,North Coryview,Lynnburgh,131,44,23,2023-12-17
Rebecca Jennings MD,2650,Clothing,South Ann,Brendachester,394,75,67,2023-12-15
Joel Ford,5371,Clothing,South Cynthiafort,Sallyside,185,34,22,2023-12-25
Aaron Zavala,8805,Food,Evanport,Jonesfort,235,79,53,2023-12-15
Debra Holland,9196,Clothing,Lake Edgarfurt,Mariaborough,117,75,28,2023-12-21
Tonya Jackson,5528,Furniture,Ashleystad,Dunnland,434,91,26,2023-12-14
Philip Lewis,9345,Clothing,North Matthew,New Bethbury,430,96,68,2023-12-09
Stephen Beck,9276,Food,Rogerchester,North Tammy,490,81,10,2023-12-07
Monique Shea,2991,Clothing,Robertstad,Port Calvin,249,65,37,2023-12-06
Brian Sanders,5255,Electronics,Christopherview,Davidshire,269,30,6,2023-12-20
Jeremy Baker,1307,Food,Alvinborough,East Dianeside,380,48,23,2023-12-20
Peter Richardson,2347,Furniture,Lake Charles,North Tracy,474,91,38,2023-11-30
Chad Thompson,2482,Food,Martinborough,Port Marioside,375,42,3,2023-12-18
David Jackson,7090,Clothing,Lake Davidside,Barnesbury,452,44,32,2023-12-17
Rachel Meyer,6737,Furniture,South Ana,Brooketon,179,95,89,2023-12-06
Daniel Orr,1317,Furniture,Samuelstad,Mollymouth,420,60,56,2023-12-02
David Jones,6857,Food,Desireebury,Caldwellchester,311,85,35,2023-12-03
Joseph Reyes,3072,Clothing,West Jasonland,Brownview,179,74,37,2023-12-06
Diane Haley,7021,Electronics,South Katherineberg,North Crystalberg,114,80,13,2023-12-21
Christine Hoover,3659,Furniture,Port Jeremiah,North Shannontown,113,61,46,2023-12-02
Michael Patterson,8396,Electronics,Port Craigland,Ryanmouth,193,22,20,2023-12-06
Billy Pena,1008,Furniture,Harrisonmouth,South Anthony,234,52,10,2023-12-21
Dillon Lopez,5340,Furniture,Gonzalezside,Andersonstad,316,54,17,2023-11-30
Caitlin Garcia,5483,Furniture,Nguyenberg,Lake Michael,258,51,10,2023-12-25
Albert Fisher,2104,Food,Thorntonfurt,Gonzalezport,412,72,48,2023-11-30
Amanda Williams,4708,Furniture,East Sarah,New Samantha,348,95,53,2023-12-21
Eugene Mitchell,9189,Furniture,Kimberlyview,East Kelly,167,55,21,2023-12-01
Christopher Mccormick,8997,Clothing,East Michellefurt,Castanedafurt,64,60,31,2023-12-13
Mr. Donald Frey DDS,5703,Furniture,Port Phillip,Harrisview,395,42,18,2023-12-24
Calvin Burns,8039,Furniture,North Danielleburgh,Port Carolland,301,83,45,2023-11-29
Parker Cain,6404,Clothing,Brittanyville,Stephanieville,455,62,18,2023-12-21
Pamela Brown,2852,Furniture,Port Dianaburgh,North Lisa,156,28,16,2023-12-19
Cheryl Davis,6037,Electronics,Davenportfort,South Hunter,302,76,62,2023-12-04
Harold Castillo,7783,Electronics,North James,Ronaldview,350,26,2,2023-12-02
Sarah Wolfe,6151,Food,Port Franciscoburgh,Martinezbury,242,61,32,2023-12-15
Charles Watson,6465,Clothing,East Debraburgh,Cobbshire,112,87,54,2023-12-18
Danny Jones,7945,Clothing,Elizabethbury,Sanderston,303,77,38,2023-12-15
Steven Brooks,9953,Electronics,West Kevinton,Jessicashire,149,36,23,2023-12-09
Rebecca Murphy,3803,Clothing,South Ericashire,Harrisonstad,280,97,14,2023-12-15
Timothy Harris,1188,Electronics,Lake Saraburgh,New Trevor,110,85,55,2023-12-17
Anna Smith,5386,Furniture,New Mackenzie,South Dianeton,374,59,11,2023-12-15
Ronald Benjamin,9342,Food,Lake Dakota,West Stephanie,364,21,17,2023-12-01
Stephanie Mata,4019,Furniture,Danielmouth,Port Kirstenberg,345,22,15,2023-12-20
Dominique Stewart,7285,Furniture,Parkville,Cynthiaview,302,25,10,2023-11-30
Lisa Sweeney,1925,Furniture,Ibarraberg,Port Lisafort,396,45,12,2023-12-18
Donna Mccarthy,9685,Clothing,Rossshire,Ashleyberg,373,88,84,2023-12-01
Rhonda Harris,5167,Electronics,New Scott,West Victorchester,423,34,13,2023-12-15
Kelsey Miller,5463,Furniture,Christinaview,West John,498,22,19,2023-12-13
Joshua Miller,4930,Food,New Justin,Jenniferborough,324,38,5,2023-12-18
Jennifer Rasmussen,6629,Electronics,East Tammyfurt,Jasontown,284,89,32,2023-12-20
Samuel Diaz,3369,Electronics,New Juliaport,South Danielton,106,88,62,2023-12-26
Matthew Jones,8694,Food,West Christophermouth,New Tonya,352,47,34,2023-12-12
Ashley Nichols,7021,Food,South James,Lake Matthewfort,381,75,52,2023-12-13
Wesley Reese,5129,Furniture,Amymouth,Port Debra,365,31,24,2023-12-18
Margaret Howell,9163,Food,Crystalburgh,East Jeffreymouth,80,45,32,2023-12-10
Nicole Wilson,3970,Food,Lake Timothy,Stephenview,234,50,39,2023-12-26
Joseph Flores,6322,Electronics,Port Autumnmouth,Stephaniestad,67,36,31,2023-11-30
Tiffany Richard,6404,Furniture,Emilyberg,North Rogerport,296,94,41,2023-12-16
Dawn Anderson MD,7970,Clothing,West Ashley,Danielshire,344,92,12,2023-12-25
Robin Foster,5316,Food,Port Cynthiabury,East Samuelmouth,157,44,36,2023-11-29
Sandra Peterson,3869,Clothing,Victoriamouth,Port Gregoryburgh,294,49,26,2023-12-23
Erika Anderson,7938,Clothing,West Laura,New Ashleymouth,406,55,5,2023-12-05
Elizabeth Harris,5587,Furniture,East Edward,New Jaime,375,32,27,2023-12-23
Debra Harrington,6172,Food,South Steven,Austinborough,337,90,14,2023-11-30
Jeffery Phillips,9949,Electronics,Robertburgh,Deanfort,132,30,5,2023-12-10
Colleen Schneider,7442,Food,Anthonybury,Port Jose,345,69,49,2023-12-05
Michael Freeman,3228,Clothing,Port Jonathanstad,Port Davidhaven,402,57,26,2023-12-15
Brian Baker,4345,Electronics,Lindseyside,Lake Lauren,214,30,27,2023-12-27
David Scott,3259,Clothing,Port Daniel,New Brucehaven,408,75,15,2023-12-19
Cathy Gray,7477,Food,Stephenfort,Josephstad,396,92,13,2023-12-16
Lance Sanford,3631,Electronics,Garciastad,Arthurbury,200,76,62,2023-12-05
Trevor Stewart,2218,Furniture,Amystad,Port Kendrafurt,324,75,69,2023-12-02
Benjamin Simmons,1383,Clothing,Keithtown,South Stephen,384,99,60,2023-11-29
Richard Bell,2127,Electronics,New Kayla,South Jessica,198,40,12,2023-12-09
Kimberly Rodriguez,4342,Furniture,Ricardohaven,Mayview,245,30,30,2023-12-04
Kathleen Guerra,1239,Electronics,Jerryborough,Turnerberg,452,65,14,2023-12-28
Jocelyn Stephens,9345,Furniture,West Davidshire,Port Steven,468,22,13,2023-12-03
Robert Myers,6148,Food,West Jose,West Janetfort,239,43,28,2023-12-09
Nicole Wright,3413,Furniture,Lake Nathan,North Theresa,101,54,17,2023-12-27
Linda Nguyen,8865,Furniture,East Mikehaven,Matthewfurt,396,68,45,2023-12-11
Ann Bolton,2480,Clothing,New Cassandraport,Palmerfurt,394,73,14,2023-12-11
Mary Molina,5902,Food,West Elizabeth,Carrchester,358,87,65,2023-12-15
Karen Arnold,9042,Clothing,Nelsonchester,South Paul,447,98,37,2023-12-26
Justin Hoffman,9159,Furniture,Fernandezfurt,Lake Travis,208,87,70,2023-12-06
Patricia Henson,3869,Clothing,Port Kimberlyside,Williamsborough,428,65,54,2023-12-10
Carly Dixon,5912,Clothing,Port Danielle,Jasonstad,288,21,17,2023-12-16
Jessica Washington,3989,Electronics,Hahnberg,Richardview,442,66,56,2023-12-19
Catherine Martin,5788,Clothing,North Kristentown,East Loganmouth,500,86,2,2023-12-13
Christina Lane,6726,Furniture,South Jeffreyburgh,Franklinborough,414,82,80,2023-12-18
Kathy Miller,9094,Electronics,Matthewborough,Smithbury,222,92,56,2023-12-04
Kevin Castro,1229,Clothing,Nicholaschester,South Jacobhaven,493,23,1,2023-12-03
Renee Leonard,1646,Electronics,South Williamburgh,East Tonyton,321,77,67,2023-12-06
Dale Morales,7899,Furniture,Lake Elizabethfort,Willisfurt,66,70,56,2023-12-24
James Allen,4327,Food,Lisaview,Meganmouth,396,24,17,2023-12-02
Janice White,4344,Food,Isaacport,New Neiltown,125,86,60,2023-12-25
Cheryl Reed,5755,Electronics,Joshuahaven,North Williamhaven,274,66,20,2023-11-30
Christopher Torres,3400,Food,South Brandonmouth,Barrystad,358,20,8,2023-12-18
Lindsey Garza,1665,Electronics,Mejiachester,North Luisside,308,34,15,2023-12-04
Timothy Anderson,3551,Electronics,Smallfurt,Nicolefurt,390,98,94,2023-12-20
James Zavala,2104,Food,New Kelly,Lake Larryberg,296,20,17,2023-12-11
Aaron Riddle,8249,Furniture,Amberfort,Dianamouth,305,73,5,2023-12-21
Karen Franco,3247,Furniture,Johnsonmouth,Lawrencefort,190,73,53,2023-12-19
Sylvia Mason,3721,Clothing,Christinaborough,Jessicachester,407,99,16,2023-12-17
Joshua Davis,3688,Electronics,Whitehaven,Melanieburgh,329,67,5,2023-12-05
Charles Ibarra,8325,Clothing,Jenniferfurt,Ortegabury,363,93,77,2023-12-23
Daniel Lynn,1903,Electronics,Freemanberg,Lake Ericburgh,431,35,31,2023-12-15
Alice Knox,6115,Clothing,Christopherborough,Elizabethmouth,59,48,47,2023-12-01
Charles Moon,8982,Electronics,Larrymouth,Port Alexanderborough,122,83,2,2023-12-09
Jessica Crane,2091,Electronics,Lisaville,Angelaburgh,415,77,14,2023-12-06
Joshua Case,9158,Electronics,Diazhaven,Jenniferside,109,70,59,2023-12-09
Michael Davenport,7224,Furniture,Port Nathanielchester,East Stephen,391,52,12,2023-12-24
Christopher Fleming,9465,Electronics,North Tonytown,West Anne,278,67,46,2023-11-29
Joshua Jones,6769,Furniture,North Danielchester,Jesusborough,435,56,44,2023-12-13
Elizabeth Waters,2671,Food,Aimeefort,Gabriellastad,119,100,98,2023-12-22
Carmen Chen MD,5440,Electronics,Silvaview,South Carolburgh,365,61,2,2023-12-27
Lauren Chavez,4333,Electronics,Williamsfort,Griffithborough,181,29,8,2023-12-25
Beth Rivera,8075,Furniture,Port Aimeeland,Baldwinton,478,36,16,2023-12-17
Suzanne Moore,7816,Clothing,Philipville,North Molly,69,80,45,2023-12-24
Kevin Hughes,4327,Electronics,Port Johnshire,Mullentown,400,96,31,2023-11-30
Linda Johnson,7019,Electronics,Lake Jeffreymouth,South Jack,432,82,53,2023-12-06
Sherry Harrison,8482,Food,Deckerburgh,Port Michael,393,33,32,2023-12-07
Ashley Lopez,2065,Clothing,South Joshua,Rodgersville,383,46,25,2023-12-27
Toni Mercer,2991,Furniture,Brownview,Schneidertown,96,56,10,2023-12-21
Gina Gillespie,9982,Food,North Mindy,South Michelebury,188,77,36,2023-12-14
John Jones,6274,Clothing,East Josephview,Lake Christopherfurt,70,78,56,2023-12-20
Ryan Giles,7627,Electronics,South Eric,Gibbshaven,119,51,7,2023-12-17
Eric Chambers,3061,Electronics,Johnsonview,Port Susanport,311,76,19,2023-12-20
Cynthia Frye,5289,Electronics,North Jason,New Jeremy,371,37,32,2023-12-06
David Walker MD,7505,Clothing,Murrayhaven,North Sarahborough,459,56,3,2023-12-21
Crystal Brown,8018,Furniture,Jonesview,Stanleybury,100,59,30,2023-12-12
Terry Flores,1169,Electronics,Lake Brenda,Barbarachester,151,26,3,2023-12-04
Joseph Carr,8705,Electronics,Port Richard,Davistown,117,42,16,2023-12-07
Karen Pope,4136,Food,Braunview,East Chase,473,94,92,2023-12-24
Stephen Rojas,9465,Furniture,Lake Johnstad,Marthatown,382,99,63,2023-12-12
David Hernandez,3391,Food,Mcdonaldstad,Bakerville,256,47,18,2023-12-25
Lori Jordan,6117,Furniture,Robertsonfurt,Jeremybury,363,34,27,2023-12-20
Olivia Harmon,9828,Clothing,Lake Donald,Thomasview,284,42,30,2023-12-07
Dennis Rivera Jr.,7477,Clothing,South Briannastad,New Meganbury,369,76,53,2023-12-08
Matthew Alvarez,5988,Food,South Cynthiashire,Port Albertborough,271,21,10,2023-12-16
Ashley Woodward,8284,Food,North Stephenville,Taylorland,337,22,17,2023-12-14
Roberto Welch,7846,Electronics,Lopezland,Sanchezfort,273,100,18,2023-12-10
Kristen Spencer,6844,Furniture,Bowersfurt,South Ivan,91,31,10,2023-12-08
Kim Burnett,7236,Electronics,Lake Curtis,Port Jimmy,140,77,4,2023-12-06
Teresa Graham,4325,Clothing,West Paulburgh,East Jamesburgh,287,44,19,2023-12-07
Stephanie Williams,2638,Electronics,New Collinmouth,Taylorbury,371,21,12,2023-12-18
Corey Martin,6790,Clothing,Rebeccafort,New Marissaborough,220,47,38,2023-12-23
Kevin Finley,4333,Electronics,East David,Patriciafort,371,56,53,2023-12-02
Tim Pearson,9225,Furniture,North Christophershire,Justinborough,430,45,19,2023-11-30
Shawna Roberts,6148,Food,Edwardshire,South Janetville,435,98,67,2023-12-27
Sarah Deleon,5335,Clothing,East Michellehaven,West Michael,189,54,0,2023-12-10
Benjamin Stokes,8222,Clothing,West Josephton,South Benjamin,346,68,38,2023-12-02
Angela Schultz,1244,Electronics,Ellenland,Edwardsland,394,44,41,2023-12-21
Katie Myers,9658,Clothing,Teresaburgh,South Edwinland,340,46,0,2023-12-18
Kevin Sharp,4774,Clothing,North Jessica,Brettshire,106,89,56,2023-12-15
Melissa Rosario,1383,Furniture,Rodriguezberg,Codybury,122,87,31,2023-12-02
Richard Park,7364,Clothing,New Jason,Meganside,127,85,1,2023-12-14
Amanda Pineda,2707,Food,Finleyborough,West Sarahbury,489,58,12,2023-12-14
Ricardo Barnett,5111,Electronics,East Laurenfurt,North Richard,329,61,40,2023-12-19
Lisa Juarez,3331,Food,Port Wesley,Lake Kimtown,326,87,20,2023-12-09
Meghan Mcneil,5514,Food,New Guy,South Kiara,190,61,56,2023-12-28
Julie Knight,7378,Furniture,Jonesmouth,South Jason,379,30,25,2023-12-17
James Bradley,8751,Clothing,Craigport,North Cherylfort,412,69,9,2023-12-27
Kendra Williams,6403,Food,Tinafort,Stephaniebury,135,38,10,2023-12-20
Leah Nichols DVM,7487,Clothing,West Kimberlytown,Jessicachester,495,20,16,2023-12-15
Trevor Cobb,9301,Clothing,Dustinbury,New Melissaborough,99,75,64,2023-12-14
Kirk Randolph MD,3992,Clothing,Port Brandonborough,Robertbury,424,42,19,2023-11-30
Robin Gates,5071,Clothing,Jessicaport,West Tanya,425,100,56,2023-11-29
Alexandra Ferguson,1141,Furniture,South Danielton,West Danielville,467,33,16,2023-12-03
Rebecca Gordon,9565,Electronics,Lake Michelle,New Kristopherland,303,23,4,2023-12-17
Seth Carter,5440,Food,Connermouth,Lake Timothyburgh,143,50,44,2023-12-10
Jessica Murray,9488,Clothing,Marshallborough,Lake Garychester,133,55,17,2023-12-23
Anna Cook,6394,Clothing,South Michele,Jessefurt,171,86,75,2023-11-30
Ashley Williams,4958,Electronics,Dianaborough,North Larryville,124,23,3,2023-12-25
Rachel Clark,3735,Furniture,West Matthewton,Port Mikeville,175,42,17,2023-12-12
Benjamin Rogers,8253,Clothing,Davidberg,Nathanborough,137,85,69,2023-12-20
Lisa Livingston,3419,Clothing,Lake Sara,Davidmouth,481,62,6,2023-12-08
Danielle Bennett,2218,Food,West Scott,Port Edwin,140,95,79,2023-12-09
Christine Woodward,3202,Electronics,East Benjaminstad,Lake Stephenmouth,324,83,42,2023-12-13
Jeffrey Edwards,5675,Clothing,Bakerton,Campbellborough,379,33,29,2023-12-09
Jason Chavez,2345,Furniture,Carsonbury,Port Angelica,247,63,22,2023-12-28
Heather Johnson,8628,Food,Frankstad,Kathrynhaven,223,72,18,2023-12-05
Oscar Jackson,3278,Electronics,West Bradleychester,West Stacybury,349,46,11,2023-12-04
Courtney Lee,8138,Food,Micheleberg,Port Tracyhaven,53,60,44,2023-12-19
Patricia Davies,9729,Furniture,Cherylbury,Lake Andrew,73,64,56,2023-12-15
Alec Byrd,6579,Clothing,Dicksonmouth,Nicholasburgh,249,99,63,2023-12-03
Jason Johnson,5463,Electronics,Robinsonchester,South Michaelville,410,50,45,2023-12-28
Jasmine Johnson,9828,Clothing,Georgemouth,Lake Ashley,261,36,33,2023-12-25
Andrew Morgan,9723,Furniture,Lake Jesse,East Saratown,463,50,28,2023-11-29
Erica Cook,4976,Furniture,Wyattside,Kellychester,121,44,31,2023-12-05
William Adams,8738,Clothing,East Stacychester,New Donnashire,106,98,54,2023-12-21
Scott Larsen,3095,Clothing,New Barbara,North Patricia,144,31,19,2023-12-22
Jennifer Townsend,6164,Furniture,North Laurentown,Port Jacobport,419,40,8,2023-12-16
Scott Jordan,4391,Food,Port Brittany,Port Maria,410,50,13,2023-12-20
Steven Burton,4327,Electronics,Katieton,Port Dianeborough,379,34,18,2023-12-28
Olivia Mathis,1824,Clothing,Matthewbury,Kellyhaven,375,60,30,2023-12-11
Joseph Arnold,8867,Electronics,South Vickieland,South Debraburgh,249,72,72,2023-12-28
Lisa Bell,9329,Clothing,Robertstad,Boydburgh,246,93,91,2023-12-05
Brittany Parker,3327,Clothing,Lake Luisberg,Adamschester,52,66,8,2023-12-14
Lisa Miller,9330,Clothing,Lake Christopher,Moorechester,483,54,24,2023-12-03
Jeffrey Walker,7659,Electronics,Roberthaven,West Brandon,105,49,45,2023-12-24
Barbara Lyons,1601,Clothing,North Rachelbury,Peterston,178,28,20,2023-12-07
David Griffin,7639,Clothing,South Travis,Burchstad,378,74,10,2023-12-03
Christina Neal,6019,Electronics,West Jonathanville,Markmouth,234,83,41,2023-12-03
Cassandra Wood,7477,Furniture,Richardfort,Kristenburgh,178,46,32,2023-12-03
Bailey Wright,6448,Electronics,New Jennifer,East Karenport,121,73,73,2023-12-06
Alexander Campbell,3331,Furniture,Mosesshire,Hamiltonton,220,83,2,2023-12-01
Maria Davis,7753,Clothing,North Deborahside,Johnsontown,291,46,26,2023-12-14
Matthew Lopez,5102,Electronics,Taylormouth,Lopezview,352,27,12,2023-12-04
Regina White,2960,Furniture,Lewisborough,Lake Angela,151,91,74,2023-12-07
Karen Johnson,8222,Furniture,Connerfurt,Lake Christopher,393,79,74,2023-12-09
Brandy Thompson,7595,Food,New Douglas,Jefferytown,153,26,12,2023-11-30
Victoria Osborn,1477,Furniture,Karenburgh,Sharonmouth,261,62,34,2023-12-12
Christina Miller,8222,Clothing,Ortegamouth,Kevinhaven,174,100,44,2023-12-01
Cassandra Reed,5492,Clothing,Lake John,Martinport,308,51,0,2023-12-03
Anthony Gonzales,6413,Clothing,Timothyfurt,Jerryfort,471,41,2,2023-12-12
David Wood,3804,Furniture,Lake Connie,Timothychester,495,52,4,2023-12-09
Daniel Taylor,8055,Furniture,Kelleytown,North Michelleborough,65,50,10,2023-12-16
Michael Sampson,2858,Furniture,Debrafort,South Jamesborough,332,80,70,2023-12-15
Katie Wilkins,7011,Food,North Gregorymouth,South Christophermouth,105,43,27,2023-12-07
David Thomas,3415,Electronics,Darlenechester,Mclaughlinfort,83,85,0,2023-12-06
Veronica Smith,9643,Clothing,South Kennethside,Andreafort,483,86,52,2023-12-15
Wanda Freeman,9723,Food,Dominguezhaven,Jeremiahhaven,138,31,4,2023-12-24
Sharon Lopez,4028,Furniture,Lake Charlesland,Williamhaven,265,25,20,2023-12-12
Robert Liu,8468,Clothing,South Kevin,Rangelborough,448,38,12,2023-12-25
Craig Chapman,2092,Clothing,Dustinhaven,East Frank,463,58,49,2023-12-11
Daniel Ray,8771,Clothing,Lake Brian,New Sarahton,72,55,0,2023-12-17
Melissa Carpenter,3171,Food,South Kellystad,West Dannyland,316,55,5,2023-12-11
Dr. Amanda Ryan,3142,Clothing,Bowmanfort,Phillipschester,292,69,42,2023-11-30
Kendra Walker,5921,Clothing,Levistad,East Daniel,461,26,5,2023-12-25
Rebecca Pearson,2860,Clothing,West Alyssa,Webbchester,319,50,7,2023-12-07
Michael Espinoza,9276,Food,New Cody,New Taylor,284,63,50,2023-12-20
Shane Wyatt,6272,Furniture,West Joseph,Davidmouth,351,87,2,2023-12-26
Mary Sanchez,1663,Clothing,New Keith,Curtisburgh,63,50,18,2023-12-23
Mark Garcia,4389,Food,Kiarashire,East Brittanyfurt,65,49,28,2023-12-23
Mary Vazquez,6759,Clothing,Port Michelle,New Allisontown,363,88,75,2023-12-16
Matthew Lee,5835,Furniture,Port Lisa,Thomasfurt,237,81,15,2023-12-09
Susan Wallace,4164,Clothing,Amyberg,East Melissa,329,74,3,2023-12-04
Christina Serrano,9953,Food,East Davidhaven,North Jimmyton,408,95,0,2023-12-17
David Johnson,1019,Clothing,Flemingport,Juliefort,353,39,18,2023-12-05
Dean Chaney,7498,Electronics,Lake Amanda,Alberthaven,444,60,56,2023-11-29
Tasha Clark,4170,Furniture,Darrenville,Kimtown,297,36,28,2023-12-21
Janice Caldwell,3578,Food,West Tiffany,West Dawn,279,31,18,2023-12-22
Yvonne Gross,2199,Clothing,Shawnmouth,Monicastad,112,64,48,2023-12-15
Sharon Thompson,9743,Clothing,Daltonhaven,North Danielle,229,62,23,2023-12-23
Vincent Singleton III,8052,Food,Thomasland,Jennifermouth,147,39,0,2023-12-19
Lisa Patel,7753,Electronics,Lake Chadmouth,New Cynthiaport,109,46,7,2023-12-07
Lisa Davis,7644,Food,Lake Davidville,East Billy,382,91,79,2023-12-16
Cindy Thomas,5153,Furniture,Lauraberg,West Jason,362,50,5,2023-12-10
Bryan Wright,2091,Electronics,New Philliphaven,East Davidhaven,416,86,80,2023-12-18
Heather King,3869,Furniture,Millerland,East Alexander,495,40,11,2023-12-26
Dawn Jimenez,6846,Furniture,Kennethborough,South Eric,223,54,26,2023-12-01
Angela Campbell,1815,Furniture,West Ryan,Lake Jennifer,410,55,2,2023-12-23
Timothy Maxwell,6857,Electronics,Port Reginaldmouth,Jessicahaven,494,32,31,2023-12-16
Jennifer Silva,2748,Furniture,South Michelle,East Monique,368,52,1,2023-12-21
Amanda Chavez MD,8771,Food,North Jared,Sharonport,119,89,12,2023-12-10
Bryan Cross,1722,Clothing,New Natalie,West Eugene,259,82,61,2023-12-15
Melissa Park,7458,Food,New Juliestad,Port Richard,128,50,37,2023-12-09
Craig Gray,8329,Furniture,Cynthiamouth,Cervantesport,154,71,66,2023-12-03
Bonnie Griffin,6575,Furniture,Nelsontown,South James,428,72,51,2023-11-30
Joseph Duncan,5373,Furniture,Michaelmouth,Timothystad,181,81,39,2023-12-26
Jennifer Collins,1496,Furniture,Amymouth,North Derrick,180,71,7,2023-12-15
Whitney Wright,2086,Electronics,Lloydmouth,South Olivia,128,95,27,2023-12-14
Joseph Schneider,7970,Furniture,Johnchester,Port Dawnshire,136,21,0,2023-12-06
Alan Bailey,7095,Clothing,Jasonfort,New Patrickport,146,30,26,2023-11-29
Sara Riddle,7042,Electronics,Justinburgh,Kyleland,363,79,46,2023-12-12
Zachary Gonzales,7095,Furniture,Millerton,North Joelburgh,402,91,24,2023-12-14
Ryan Pacheco,1020,Furniture,West Joshua,Ryanview,309,93,85,2023-12-24
Pamela Martin,8545,Food,Gallagherburgh,East Hayleyberg,88,76,69,2023-12-12
Ernest Mercer,3243,Clothing,Lake Patriciaton,Kerriport,131,47,38,2023-12-01
Traci Smith,5979,Food,South Karen,East Jasonchester,149,85,55,2023-12-14
Eric Jones,6413,Clothing,New Nicolefort,South Christy,55,82,32,2023-12-26
Joy Murray,5308,Furniture,Phillipschester,South Benjamin,462,35,14,2023-12-03
Robert Black,9158,Clothing,Cathyport,Lake Joan,370,78,74,2023-12-18
Carrie Wagner,3920,Furniture,South Zachary,North Sierrafurt,426,42,23,2023-12-12
Tiffany Rodriguez,7021,Clothing,Davidfort,Port Garyberg,172,56,35,2023-12-07
Christopher Williams,6294,Food,Lake Lesliehaven,Mortonside,51,32,7,2023-12-10
Dustin Hunter,8055,Furniture,Jimenezborough,West Keith,92,56,30,2023-12-11
Timothy Carter,4396,Electronics,Cunninghamburgh,East Marcus,386,26,4,2023-12-05
Jessica Richardson,5102,Furniture,North Aaron,New Michaelton,102,34,20,2023-12-19
Sydney Randolph,3920,Clothing,Leahberg,East Christopherborough,259,42,28,2023-11-30
Brad Young,7348,Food,South Christytown,Escobarborough,257,25,7,2023-12-21
Lisa Scott,9921,Clothing,North Bryan,North Wanda,110,55,3,2023-12-20
Linda Norton,9911,Electronics,Rodgersshire,Lake Christinestad,101,52,6,2023-12-18
Ruben Reynolds,4667,Food,Susanville,Tonyaville,389,24,9,2023-12-10
Rachel Martin,5186,Food,Lake Mariaville,West Denise,50,36,20,2023-12-07
Barbara Holt,7945,Electronics,Carlosmouth,New Edwardmouth,480,92,69,2023-12-22
Christina Cruz,6394,Food,Melissamouth,East Nicholemouth,331,91,16,2023-12-22
Taylor Barker,9685,Clothing,Ortegatown,New Tiffany,381,83,2,2023-12-03
John Chandler,7659,Food,Burnsside,Lake Frankburgh,71,22,21,2023-12-13
Gary Cameron,6404,Clothing,Smithhaven,South Amanda,327,67,16,2023-12-14
Destiny Hale,9848,Food,Hodgemouth,Parksside,276,76,7,2023-12-02
Brianna Murphy,4771,Clothing,Port Michael,East Richardfurt,79,58,48,2023-12-20
Joseph Stone,9685,Clothing,West Jordan,Laurenborough,489,29,5,2023-11-29
Charles King,5405,Electronics,Cooktown,South Cody,134,66,6,2023-12-17
Gabriella Anderson,2858,Furniture,Huntport,South Davidland,443,27,26,2023-12-03
Jeffrey Figueroa,3631,Food,Mullinsbury,West Timothy,120,40,39,2023-12-11
Leslie Maldonado,1050,Food,Kevinhaven,New Valerie,149,91,47,2023-12-19
Mr. Brandon Johnson PhD,7594,Clothing,Christineburgh,North Samantha,149,84,5,2023-12-26
Cassandra Austin,6788,Furniture,Hernandezton,Juliehaven,451,29,0,2023-12-22
Julia Freeman,4753,Furniture,Alyssafurt,Cannontown,336,96,37,2023-12-17
Wesley Walker,3362,Electronics,New Dennisstad,North Adrianabury,158,32,17,2023-12-02
Clarence Jackson,5093,Furniture,New Wendy,Grossstad,171,50,25,2023-12-04
Erin Parks,3706,Electronics,Lake Mary,East Maxwellborough,161,65,7,2023-12-19
Nicholas Jones,8960,Food,Christopherhaven,Port Gregoryside,336,28,15,2023-12-10
Mary Clark,7979,Food,Clairetown,Cynthiastad,341,62,15,2023-12-05
Janet Smith,3062,Food,Dawsonport,Harrisonton,313,61,1,2023-12-09
Edward Kennedy,6848,Electronics,East Jacobside,West Megan,323,31,4,2023-12-20
Nicole Mitchell,9212,Food,Mackfurt,West Jennifer,291,69,53,2023-11-30
Paige Bowers,7637,Electronics,North Austinfort,Perezside,427,87,0,2023-12-26
Brittany Hobbs,9150,Clothing,Lake Tammy,South William,355,36,8,2023-12-06
Luke Taylor,4979,Furniture,South James,New Robinfort,254,50,10,2023-12-12
John Chapman,6214,Clothing,South Amandafurt,North Andre,145,50,43,2023-12-22
Gina Oneal,2150,Furniture,East Frank,Browntown,364,70,8,2023-12-28
Diana Jackson,6089,Electronics,Stuartborough,Andersonhaven,377,74,3,2023-12-14
Sheila Baker,3720,Food,New Lorraine,Patriciahaven,96,51,36,2023-12-22
Samantha Peterson,3942,Clothing,Justinmouth,New Jason,59,55,27,2023-12-23
Jill Taylor,7292,Clothing,Williamshaven,Millerborough,374,79,56,2023-12-26
Linda Porter,7970,Food,Port Joseph,Shawhaven,228,29,21,2023-12-07
Donald Montgomery,6705,Furniture,Meganshire,North Christineburgh,151,55,45,2023-12-12
Dwayne Chen,5788,Clothing,North David,Chavezshire,493,54,41,2023-12-12
Andrew Graham,3318,Furniture,Lake Seanborough,South Jenniferfort,169,59,26,2023-12-10
Nicole Jenkins,4799,Electronics,Torrestown,Jamesshire,279,66,19,2023-12-25
Matthew Smith,5285,Clothing,South Tiffany,Doughertyton,173,71,0,2023-12-14
Caleb Lopez,6721,Furniture,Thomaschester,New Kent,204,46,14,2023-11-30
Andrew Armstrong,4001,Furniture,Angelaborough,Melvinmouth,444,76,35,2023-12-04
Angela Gilbert,8396,Food,Frederickmouth,Lake Leslie,76,28,0,2023-12-05
Jocelyn Mitchell,3829,Electronics,Kimberlyview,Phillipborough,179,47,15,2023-11-29
Patricia Gonzalez,5435,Electronics,North Gregory,West Daniel,339,66,52,2023-12-17
Jasmine Atkins,2238,Electronics,New Kristenville,Port Edwin,224,90,53,2023-12-08
Eric Baker,1505,Furniture,East Sandra,Port Caitlynmouth,356,82,45,2023-12-25
James Edwards,8017,Electronics,South Randyville,Alexanderhaven,212,89,44,2023-12-14
Jennifer Smith,7120,Electronics,Ayalaburgh,Ramirezberg,50,91,64,2023-12-28
Anthony Johnson,4792,Food,Lake Ronald,Jasonshire,293,64,38,2023-12-18
William Scott,6820,Food,South Leah,East Andrew,316,70,1,2023-12-14
Michael Holmes,4800,Electronics,Cathymouth,Daveville,140,42,37,2023-12-15
Tara Fisher,3587,Food,Lake Paulaview,Moralesfort,380,29,11,2023-12-07
Jill Smith,7595,Furniture,Andrewhaven,New Charleshaven,276,47,28,2023-12-07
Sarah Young,8860,Electronics,Portermouth,Rogerston,491,20,3,2023-12-19
Lauren Cummings,4554,Clothing,Port Robert,New Robertstad,436,53,45,2023-12-05
Jacob Cole,3369,Clothing,Toddtown,Kristenbury,240,38,38,2023-12-09
Andrew Perez,6141,Clothing,Port Summer,Freemanchester,194,55,4,2023-12-14
Joyce Meyer,8468,Food,Michaelport,Elijahshire,412,49,5,2023-11-30
Jennifer Hill,7970,Clothing,Lesliefurt,Brianmouth,265,37,8,2023-12-12
Patricia Middleton DDS,5370,Furniture,North Benjaminmouth,Lake Amanda,188,75,23,2023-12-01
Roberto Phillips,6364,Furniture,Rosarioton,Port Cindychester,142,64,20,2023-11-29
Crystal Brown,5587,Electronics,Mcdanielport,West Alex,75,45,19,2023-12-01
Joseph House,3171,Furniture,New Ronaldside,Ianfort,318,97,13,2023-12-17
Diane Atkinson,1626,Furniture,Port Billy,Markview,433,88,86,2023-12-07
Martha Rodriguez,9246,Food,North Keith,Elizabethburgh,199,47,23,2023-12-22
Shannon Baldwin,7576,Food,South Daniel,Lake Anthony,72,96,61,2023-12-04
Emily Snyder,9158,Electronics,Erinside,Richardtown,486,39,30,2023-12-12
Elizabeth Frey,9658,Furniture,Chelseafort,North Sharonfort,498,64,10,2023-12-14
Joseph Johnson,4865,Electronics,Lake Jaredborough,South Triciamouth,315,63,43,2023-12-01
William Webb,5186,Furniture,Harriston,Lake Johnnyport,480,51,8,2023-12-28
Cindy Baker,5285,Food,Lake Sethton,Port Ronaldmouth,211,53,39,2023-12-09
Robert Clay,4193,Furniture,East Jenniferville,South Sarahport,222,67,27,2023-11-30
Lindsey Wood,5514,Electronics,Joshuaburgh,Charlesside,104,48,29,2023-12-07
Damon Marks,1129,Clothing,Ericksonhaven,Biancashire,479,93,8,2023-12-04
Mark Thomas,4489,Electronics,North Ryan,Dianabury,446,26,2,2023-12-22
Alison Fisher,6726,Electronics,Port Matthew,Grantview,104,20,7,2023-12-06
Nancy Williams,6049,Food,New Brittany,Hannahberg,288,32,20,2023-12-27
Fred Jones,1505,Furniture,Hunterhaven,Port Christopherside,320,33,0,2023-12-15
Anthony Campbell,9712,Furniture,Lake Melissa,Wagnerland,444,78,30,2023-12-24
Daniel Hanson,4008,Electronics,North Tanyamouth,North Jacob,477,100,60,2023-12-06
Jennifer Branch,1014,Clothing,Banksstad,Robinsonchester,148,100,61,2023-11-30
Anthony Conway,7285,Furniture,Morenoland,Fordchester,283,77,62,2023-12-08
Nancy Black,8039,Furniture,Lake Jason,Ponceburgh,297,49,1,2023-12-04
Brandon Butler,2860,Food,South Desiree,Savageport,199,75,32,2023-12-12
Christopher Anderson,6911,Electronics,Angelamouth,South Brooke,232,69,57,2023-12-27
Nicole Mullins,9341,Furniture,Lake Katrina,Port Amy,121,60,38,2023-12-22
Jeffrey Gutierrez,7142,Food,North Stephaniefurt,Mooreshire,125,49,14,2023-12-21
Mr. Donald Thomas,8316,Clothing,New Stephanie,South Julieburgh,394,42,7,2023-12-23
Curtis Singh,9345,Furniture,Port Samantha,Cherylton,259,91,30,2023-12-13
Caitlin Walters,9669,Furniture,Mitchellport,Browningberg,173,80,80,2023-12-16
Brian Olsen,7846,Furniture,Johnside,West Debra,264,42,22,2023-12-19
Ms. Rachel Spencer,3140,Furniture,New Timothy,West Audreyville,307,29,13,2023-12-11
Blake Gonzalez,7147,Clothing,Zoeland,Roseburgh,275,55,50,2023-12-14
Nicholas Bryant,2387,Clothing,South Cynthia,East Mackenziefurt,69,80,0,2023-12-06
Wendy Cook,1120,Food,Toddville,West Maureenside,368,42,36,2023-12-16
April Franklin,1188,Food,New Jameshaven,North Jessicamouth,453,59,59,2023-12-10
Heidi Taylor DDS,5436,Food,New Timothy,Cooperchester,231,77,77,2023-12-03
Daniel Gray,8453,Clothing,Chadport,Evansshire,234,67,67,2023-11-30
Nathan Cook,8685,Electronics,New Anthonytown,East Scott,274,49,7,2023-12-01
Molly Caldwell,5078,Food,East Calebport,Santanamouth,256,38,28,2023-12-21
Mallory Wells,5508,Food,Port Jameschester,West Joycechester,169,30,10,2023-12-05
Donna Young,8880,Furniture,Ortegastad,Codybury,378,22,3,2023-12-12
Dylan Gomez,3690,Electronics,Jenkinsstad,Port Rebecca,116,28,23,2023-11-29
Mark Turner,2620,Clothing,Port Daniel,South Jennifer,100,95,31,2023-12-22
Mary Adams PhD,2037,Food,West Jeffrey,New Jenna,149,57,35,2023-11-29
John Morse,7314,Electronics,Michaelside,Huangmouth,90,25,9,2023-12-25
Anthony White,5136,Clothing,Port Christopher,North Sarahborough,130,82,5,2023-12-02
Jacqueline Barry,4170,Food,Annaport,Woodsview,118,26,13,2023-11-29
Kimberly Hawkins,4136,Furniture,Smithhaven,New Mikeberg,470,52,29,2023-12-14
Julie Huff,7845,Furniture,East Javierland,Alexview,237,28,2,2023-12-27
Robert Burns,4734,Furniture,Lake Roberto,Jasonhaven,398,93,69,2023-12-26
Ashley Walsh,2091,Food,North Anthony,Suzannefurt,319,68,24,2023-12-10
Brian Morris,2765,Food,Lozanochester,Port Fernando,191,37,30,2023-12-09
Eric Padilla,9329,Clothing,Castroshire,Michaelside,294,80,60,2023-12-02
Mindy Taylor,4930,Clothing,East Kevinchester,Kyleborough,77,69,46,2023-12-16
Shelley Little,2086,Clothing,Sheilaland,North Michellestad,276,87,83,2023-12-09
Christine Martinez,3662,Electronics,Port Jeremy,West Natalie,135,40,9,2023-12-21
Brittany Gilmore,8433,Clothing,Burkeport,West Jay,152,65,55,2023-12-24
Pamela Morales,1844,Furniture,Rebeccaland,North Vanessa,395,59,45,2023-12-17
Jimmy Briggs,7668,Electronics,North Elizabeth,Christianview,230,70,27,2023-12-16
John Rodriguez,1724,Furniture,Lake Karenview,New Peterchester,284,71,8,2023-12-21
Travis Rowe,9246,Furniture,Wilsonburgh,Townsendmouth,268,53,15,2023-12-06
Joshua Lynch,9159,Furniture,Ashleyview,Tannerfort,237,85,28,2023-12-14
Joan Young,5661,Clothing,Tristanburgh,Millerport,428,77,57,2023-12-02
Michelle Pope,1378,Electronics,New Aliciaborough,South Mauriceberg,359,98,24,2023-12-25
Andrew Reynolds,3659,Clothing,East Melissahaven,Tylerside,289,85,81,2023-12-18
Vincent Baker,2913,Clothing,East Autumn,Carrollshire,218,74,27,2023-12-25
Crystal Anderson,4092,Food,Wheelerland,Lake Tracy,282,40,1,2023-12-15
Marcus Franklin,5479,Furniture,Macdonaldfurt,South Jonathanhaven,334,76,11,2023-12-25
Sarah Callahan,6037,Clothing,West Shannon,Jordanside,51,38,9,2023-12-26
Antonio Jones,9505,Furniture,Johnstonton,Port Julialand,98,72,9,2023-12-19
Elizabeth Mcknight,4344,Electronics,East Anthonyburgh,East Sandra,422,50,36,2023-12-04
Charles Golden,4924,Clothing,South Jeffreyland,Deckerton,424,26,6,2023-12-19
Emily Moreno,4342,Food,New Deanview,North Jamesside,385,83,49,2023-12-23
Jon Martin,7142,Food,West Karenfurt,North Ashley,276,53,25,2023-12-27
Evelyn Wilson,7293,Furniture,Janefort,Williamsville,195,42,3,2023-12-19
Jamie Moran,9589,Food,Petersenport,Port Jennifertown,470,99,1,2023-12-24
Lori Schwartz,5990,Furniture,Robertmouth,Port Andrewton,407,92,52,2023-12-28
Laura Garner,4976,Food,Tyronechester,Lake Tinashire,119,52,11,2023-12-01
Tina Lewis,8346,Electronics,New Carlyfurt,West Lisaville,70,93,13,2023-12-20
Kelly Russell,4325,Food,East Christopherborough,Princeborough,63,31,2,2023-12-26
Maria Mccormick,6465,Furniture,New Michael,North Teresaton,321,67,64,2023-12-24
Billy Wong,9740,Furniture,Port Penny,New Laurashire,231,90,39,2023-12-17
Lisa Jenkins,8738,Clothing,North Lori,East Corey,113,53,25,2023-12-28
Bradley Morton,1496,Food,Melodyside,Jonesside,233,39,23,2023-12-24
William Mccarthy,3531,Food,Franklinstad,Curryton,180,59,20,2023-12-19
Michael Rodriguez,6654,Electronics,Philipbury,Beckyview,249,53,49,2023-12-16
Andrew Oconnor,8633,Food,Jonesside,Tammytown,92,35,19,2023-12-20
Tanner Campos,6538,Electronics,Marquezstad,Austinburgh,307,70,20,2023-12-07
Ashley Smith,8513,Clothing,Rodneybury,West Kevintown,367,94,63,2023-12-22
Michael Ford,3417,Food,West Michaelport,West Meghan,207,86,47,2023-12-19
Maria Howell,4860,Furniture,West Brandon,Bonillaview,463,54,25,2023-12-24
Carol White,9589,Food,East Yvetteberg,Shawnmouth,351,20,14,2023-12-16
Jason Price,3271,Clothing,West Anthonyview,Rodriguezchester,434,73,63,2023-12-21
Amanda Lopez,7299,Furniture,South Shawn,Rodriguezborough,106,78,58,2023-12-06
Sarah Lee,3992,Food,North Jenniferfurt,Hallberg,145,23,6,2023-12-12
Stephanie Burke,1722,Clothing,South Tiffanyberg,Lake Andrea,420,85,6,2023-12-23
Beth Rice,5335,Electronics,Garciaburgh,Clarkview,437,47,24,2023-12-02
Christy Taylor DDS,1115,Electronics,West Briannaborough,Spearston,258,64,45,2023-12-11
Christopher Adams,5921,Food,West Keithport,New Johnathanberg,197,54,14,2023-12-26
Paul Shaffer,8695,Food,Jonesshire,Port Brittany,153,84,61,2023-12-28
Derek Hicks,7845,Electronics,West Bryanville,South Linda,241,31,23,2023-12-15
Luis Guerra,3976,Clothing,Steveborough,Port Jaredside,472,33,7,2023-12-20
Lawrence Jones,7320,Furniture,Barrybury,New Amber,274,20,20,2023-12-05
Lisa Jennings,3305,Electronics,Mclaughlinport,Kelseybury,379,88,56,2023-12-19
David Meyer,4774,Electronics,Singhchester,New Christinafurt,212,26,26,2023-11-30
Annette Austin,7320,Electronics,East Amandamouth,Shawbury,434,42,38,2023-11-30
Kimberly Henderson,8965,Clothing,Petermouth,Michaelhaven,386,27,0,2023-12-11
Michelle Bruce,6844,Clothing,North Douglastown,Simonberg,399,73,63,2023-12-10
Michael Velasquez,9465,Food,Port Deborahland,Danamouth,265,74,62,2023-12-02
Kristopher Spencer,8869,Electronics,Brianfort,Danielbury,124,21,20,2023-12-26
Sharon Rodriguez,1478,Food,Cruzfort,West Thomas,401,65,5,2023-12-05
Joshua Solis,1129,Furniture,Guerreroville,Myersborough,295,28,13,2023-12-07
Dustin Perez,7891,Food,North Johnville,North Ronaldton,239,43,0,2023-11-29
Theresa Prince,8288,Clothing,New Jason,Martinland,474,40,2,2023-12-13
Patrick Conway,5463,Food,Port Linda,Rodriguezburgh,280,67,43,2023-12-11
Susan Brooks,8471,Food,Thomaschester,Melissatown,322,26,10,2023-12-11
Daniel Rogers,1760,Furniture,Tarastad,Lake Tyler,211,69,24,2023-12-26
Stephanie Jones,1239,Furniture,Lake Lucasborough,South Denise,352,38,37,2023-12-10
Whitney Wong,8138,Clothing,North Cameronshire,East Tracy,368,28,6,2023-12-28
Christine Burgess,8222,Clothing,Port Brendaberg,Lake Joseph,127,27,5,2023-12-01
Robert Hart,7146,Clothing,North Lisa,Thomaston,163,75,34,2023-12-14
Danielle Stephens,6790,Clothing,Wadefort,Kennedyfurt,254,23,11,2023-12-03
Roberto Brady,3922,Clothing,West Sabrinachester,Ashleychester,242,67,39,2023-12-19
William Murphy,4160,Furniture,West James,South Albert,113,28,2,2023-12-09
Larry Sparks,7659,Clothing,New Lonnie,Lake Bryanbury,211,78,78,2023-12-21
Angela Cook,5959,Clothing,South Cameron,East Gail,373,83,34,2023-12-03
Paul Lambert,7009,Clothing,Smithbury,Reyesside,403,30,30,2023-12-12
Holly Sellers,6247,Furniture,Trujilloberg,Port Carriemouth,410,41,0,2023-12-26
Tiffany Lloyd,6889,Electronics,New Catherineton,North Laurafort,259,33,23,2023-12-12
Scott Ruiz,8005,Clothing,Richardborough,Lake Robert,476,28,13,2023-12-09
Brandon Tucker,9509,Clothing,New Blakefort,Mahoneystad,351,39,4,2023-12-01
Brittany Mcmahon,3134,Clothing,Harrismouth,Mcleanview,190,93,7,2023-12-23
Samantha Davis,1626,Food,Perezmouth,Baileyhaven,491,52,52,2023-12-24
Isabella Hoffman,3388,Furniture,South Deanna,Burgessport,109,38,33,2023-12-11
James Miles,8329,Food,West Amyton,North Benjaminberg,496,41,33,2023-12-24
John Schultz,7284,Furniture,Fergusonmouth,North Allen,195,39,35,2023-12-25
Brian Ingram,8593,Furniture,Walkerville,Susanhaven,232,58,27,2023-12-28
Kyle Bowen,5861,Furniture,Williamsonshire,Bishopshire,84,21,11,2023-12-10
Kathleen Peters,1314,Clothing,North Andrea,Rossview,340,42,5,2023-12-24
Rachel Bonilla MD,8052,Clothing,New Michaelland,Port Nicholas,167,61,58,2023-12-26
Shelby Smith,1211,Electronics,Chapmanton,West Brian,67,21,16,2023-12-23
Tamara Rowland,4336,Furniture,Josephton,North Melodymouth,270,99,14,2023-12-03
Ms. Claudia Orozco PhD,8935,Clothing,Lake Joseph,Port Brandonborough,215,63,42,2023-11-29
Cassandra Warren,6124,Food,South Bianca,South Jeffrey,449,52,9,2023-12-07
Amanda Parks,7560,Food,New Rhondatown,Hernandezberg,158,57,26,2023-12-17
Ralph Potts,2470,Food,Hensleyton,Jenniferburgh,115,94,94,2023-12-25
Jessica Thompson,6857,Clothing,Hannahview,Jonesport,477,58,33,2023-12-20
Greg Garcia,1129,Electronics,Priceport,Powersmouth,341,80,25,2023-12-01
Heather Morales,9723,Clothing,Port Dennis,Carlbury,290,93,34,2023-12-26
Barry Garza,7067,Furniture,Morrisonshire,Gabrielahaven,106,64,11,2023-12-26
Melissa Olson,1505,Furniture,North Luisfort,Port Vanessahaven,397,37,12,2023-12-25
Rhonda Morgan,3419,Clothing,East Patriciafurt,West Carolborough,62,45,17,2023-11-30
Andrea Ramos,7627,Food,Victorside,South Maria,263,66,18,2023-12-18
Jordan Williams,4954,Clothing,Brittanytown,Port Samantha,193,89,1,2023-12-27
Tricia Lee,4790,Food,South Crystal,South Nancy,74,72,38,2023-12-08
Ashley Morales,7734,Clothing,Farleyview,Michaelshire,87,63,7,2023-12-23
Mark Hunter,7922,Electronics,West John,Marshallborough,224,35,20,2023-12-25
Stephen Lewis,5110,Electronics,South Williamstad,Petersborough,365,42,27,2023-12-09
Monica Sanchez,1008,Electronics,Huertafurt,Hallhaven,88,70,43,2023-12-20
Mikayla Stone,6868,Electronics,Lake Jefferychester,New Christopher,108,28,18,2023-12-19
Jennifer Nicholson,3942,Food,Port Walterbury,East Rebecca,300,22,18,2023-12-25
Erin Lin,6874,Furniture,Lake Lauren,West Brianfurt,265,51,33,2023-12-02
Mark Camacho,5823,Furniture,Lake Janicefurt,Hughesville,308,71,62,2023-12-26
Christina Ortiz,2201,Furniture,North Ronald,Port Renee,151,23,2,2023-12-02
Cindy Moreno,8592,Electronics,Jacobborough,Port Tammyport,294,53,0,2023-12-18
Donna Ramirez,3720,Furniture,South Lynn,North Jenniferstad,162,82,30,2023-12-16
Tanner Reese,1824,Electronics,Millerhaven,East Robert,303,50,50,2023-12-23
Timothy Ware,1969,Furniture,Dustinview,Port Brianchester,317,29,10,2023-11-29
Rebekah Lewis DDS,5565,Clothing,Juliastad,Swansonberg,278,80,52,2023-12-27
Cathy Ramirez,7095,Clothing,Nelsonton,North Jamiebury,145,75,42,2023-12-07
Allen Potter,1188,Furniture,East Tracymouth,Ortizborough,95,33,5,2023-12-03
Rachael Holmes,7378,Clothing,Johnsonchester,Richardsonville,76,44,7,2023-12-14
Jessica Cox,8738,Electronics,Millerport,Theodoreberg,215,70,23,2023-12-28
Andrew Weber,3443,Electronics,Johnnybury,North Michelle,84,85,10,2023-12-21
Barbara Jennings,1192,Electronics,South Karen,East Jose,120,99,99,2023-12-04
Daniel Livingston,1205,Food,Suzanneland,Lake Jeffreystad,489,50,18,2023-12-22
Jill Francis,7636,Clothing,Lambview,Jasonton,128,89,41,2023-12-06
Courtney Smith,2027,Furniture,Greenebury,Catherineborough,339,76,27,2023-12-24
Tabitha Fleming,2092,Furniture,Taylorport,South Erin,400,61,17,2023-12-24
Jordan Maldonado,7691,Furniture,Ortizport,Lake Michael,476,70,67,2023-12-01
Nicole George,4389,Furniture,Williamsville,East Timothyland,124,33,18,2023-11-30
Scott Fernandez,9904,Food,North Brandonmouth,Port April,131,84,10,2023-12-11
Randall Henson,1844,Food,East Jasonmouth,Williamstad,341,35,17,2023-11-30
Jill Grant,9345,Food,South Julie,Lake Thomasville,50,21,11,2023-12-22
Cole Huang,4774,Clothing,Lake Tiffany,Lake Carlosport,231,51,12,2023-12-08
Elijah Wilkinson,6663,Food,Lake Ryan,New Alejandro,478,91,41,2023-12-27
Carl Ramirez,4842,Food,South Markstad,Kathleenfort,484,61,29,2023-12-14
Kevin Cummings,2352,Clothing,Cooperborough,Lake Lisaburgh,476,21,21,2023-12-05
Lauren Bradford,8288,Clothing,Anthonyside,Port Sophiaside,312,71,26,2023-12-24
Dana Terry,8325,Electronics,Boydport,North Jonathanstad,85,77,25,2023-12-10
Victoria Bryant,4909,Furniture,North Adam,Howellmouth,71,48,29,2023-12-25
Raven Velasquez,7595,Electronics,New Michael,Edwardsfurt,355,64,38,2023-12-27
Michelle Peters,4489,Clothing,Johnport,East Geraldberg,413,66,29,2023-12-08
Wesley Walker,8705,Food,North Reneeborough,East Lesliehaven,451,90,17,2023-12-03
Heather Anderson,5479,Furniture,South Stephaniehaven,Lake Ashley,85,89,34,2023-12-08
Brenda Long,9828,Food,Lake Lori,Stephanieburgh,293,32,26,2023-12-06
Angela Ford,3970,Electronics,Jenkinsmouth,Salazarview,400,41,36,2023-12-13
Danielle Velez,3750,Clothing,North Stephenstad,Port Jamesmouth,433,41,26,2023-12-06
Tiffany Bright,2707,Electronics,Austintown,North Whitney,111,79,17,2023-12-07
Nichole Miller,1824,Food,Joyceport,Port Lauraberg,379,89,21,2023-12-10
Elizabeth Wood,3256,Food,Rogerston,Carrollstad,67,26,9,2023-12-27
Dr. Bruce Brown,9982,Clothing,South Veronica,Petersonshire,69,84,66,2023-12-26
Crystal Merritt,1192,Clothing,Stephanieburgh,Singhberg,396,39,25,2023-12-10
Ronald Campbell,4391,Clothing,East Josephville,Kimberlyburgh,223,34,26,2023-12-28
Dawn Jordan,6788,Clothing,Scottburgh,Robertsonberg,385,71,47,2023-11-30
Jasmine Nash,9091,Clothing,New Eric,Hernandezborough,460,45,17,2023-12-10
Matthew Bailey,6759,Clothing,Sosatown,New David,201,46,33,2023-12-22
Jennifer Hill,8638,Furniture,Stevenport,West David,355,94,84,2023-12-13
Traci Allen,1727,Furniture,Josefurt,Richardbury,199,71,39,2023-12-07
Angela Salinas,7335,Electronics,Brandonville,East Christiehaven,357,20,5,2023-12-18
Stephen Henderson,9712,Food,Port Antoniochester,Johnsonburgh,51,97,38,2023-12-14
Samantha Kelly,2880,Furniture,South Joshuahaven,Lake Christopher,137,56,47,2023-12-23
Kyle Alvarez,3907,Furniture,Kellyside,South Matthewberg,116,50,41,2023-12-15
Lisa Jones,5912,Clothing,Martinborough,Lake Ryanview,214,49,21,2023-12-05
Alex Mcpherson,7156,Furniture,Lake Laura,Lake Joseph,457,81,7,2023-11-30
Gail Watson,8878,Food,North Debraberg,Greenfort,193,21,7,2023-11-30
Jacob Caldwell,2913,Clothing,New Mistyfort,Lake Stacyland,372,58,38,2023-12-09
Lisa Diaz,9768,Clothing,Christianport,East Timothymouth,459,82,28,2023-12-06
Jonathan Rice,6575,Food,Port Reginald,Simmonsstad,171,82,56,2023-12-22
Michelle Sullivan,3219,Clothing,Johnsonview,East Ebony,418,56,1,2023-12-26
George Benjamin Jr.,3955,Furniture,East Jonathanton,Lake Edwinton,442,37,13,2023-12-05
Erin Fowler,5405,Food,Michaelburgh,Lake Margaret,356,50,7,2023-12-23
Samantha Byrd,4667,Clothing,Chandlershire,Lake Tanya,471,84,2,2023-12-18
Sharon Thompson,1663,Clothing,Simstown,Skinnerfurt,316,57,21,2023-12-01
Bradley Allison,1920,Electronics,North Emmahaven,Collinshaven,82,98,96,2023-12-16
Brian Alvarado DDS,7563,Clothing,Lake Jesus,West Stephenshire,460,88,57,2023-12-24
Hannah Murphy,7280,Electronics,Lake Jessica,New Scottfort,211,87,23,2023-12-24
Derrick Reyes,4152,Electronics,East Tiffany,West Adrianstad,280,91,26,2023-11-30
Margaret Ferguson,8329,Furniture,East Thomas,Christophertown,270,30,17,2023-12-03
Mark Daniels,9335,Furniture,Port Heathershire,Christopherchester,437,22,12,2023-12-09
Adam Moss,8110,Clothing,East Jay,Brooksberg,162,100,52,2023-12-07
Jesse Leblanc,9565,Clothing,Grahamchester,Sheenaville,129,26,3,2023-12-11
Amanda Watts,4032,Electronics,Hillside,New Jon,229,55,4,2023-12-05
Robert Butler,7669,Food,Jacksonland,Lake Joshuaview,413,46,34,2023-12-18
Jessica Franklin,3205,Electronics,Millerland,West Ericafurt,309,58,23,2023-12-24
Joseph Morales,1504,Food,Ricefort,Michelleview,156,42,4,2023-12-15
Mr. Stuart Taylor,2671,Clothing,Adamburgh,Maryland,274,93,73,2023-12-26
Jordan Nichols,2199,Clothing,Erinland,Chadport,331,35,24,2023-12-21
Julian Gonzalez,7374,Food,Priceburgh,Port Alyssa,491,88,18,2023-12-02
Valerie Alexander,8325,Furniture,East Jonathan,South Haileyhaven,64,31,3,2023-12-07
Jay Leonard,9729,Furniture,Adkinsburgh,East Sharonmouth,148,20,13,2023-12-01
Raymond Erickson,2671,Electronics,Lake Bobbyberg,South Jenniferport,87,89,25,2023-12-04
Dr. Ralph Williams DDS,8856,Food,Madisonmouth,East Staceyside,174,34,28,2023-12-01
David Jackson,7669,Furniture,Port Kathrynbury,Annettemouth,243,78,52,2023-12-22
Brittany Thomas,3140,Electronics,South Gabriella,Phillipsland,57,37,28,2023-12-18
Lisa Sanchez,1020,Electronics,East Sylviastad,Harpertown,119,84,53,2023-11-29
Whitney Burke,6452,Food,Lake Deborah,South Ronald,70,41,8,2023-12-10
Joseph Wells,4001,Electronics,East Jamie,Kimberlymouth,403,35,5,2023-12-10
Dillon Rich,3228,Electronics,Harrisonstad,Port Julianmouth,330,80,0,2023-12-14
Mrs. Jill Bowen,5194,Furniture,Port Heather,North Derek,455,58,14,2023-12-02
Thomas Flores,3305,Clothing,Terrychester,Danatown,238,89,33,2023-12-02
Veronica Erickson,2896,Clothing,Sarahmouth,Arnoldmouth,430,99,1,2023-12-09
Eric Frost,6979,Clothing,Port Emilyshire,New Philipview,173,98,8,2023-12-13
Sean Brown,1057,Clothing,West Richard,Karenview,462,73,36,2023-12-13
Russell Williams,8965,Furniture,Christopherton,Port Kevin,307,50,27,2023-12-17
Kelsey Bond,6215,Food,Zacharyburgh,New Jason,93,69,6,2023-12-22
Tony Gibson,5441,Food,Lewiston,New Elizabeth,54,97,51,2023-12-11
Jon Singh,7594,Clothing,Barrettchester,Jacquelinemouth,178,36,18,2023-12-12
Christine Hensley,7904,Electronics,Mcdonaldview,Curtisbury,469,21,16,2023-11-30
Jaclyn Howe,4019,Clothing,Barkerland,North Christine,478,67,30,2023-12-09
Kimberly Olson,3471,Clothing,New Melanie,South Cheyenneton,438,50,40,2023-11-30
April Hernandez,8860,Clothing,East Lindsey,New Jaredborough,380,28,26,2023-12-26
Timothy Hernandez,7042,Clothing,Brownville,Johnfurt,182,80,32,2023-12-18
Logan Hall,8433,Food,Daniellefurt,South Keith,466,92,48,2023-12-22
Howard King,8318,Clothing,Robinsonborough,Youngville,283,59,17,2023-12-15
Michelle Lucero,1824,Electronics,New Michael,Edwardland,494,55,39,2023-12-14
Ruth Smith,9497,Electronics,Port Jonathan,Port Sethmouth,316,87,74,2023-12-26
Jamie Warren,8865,Food,Alanmouth,Ashleyview,459,82,78,2023-12-15
Michelle Jones,1867,Furniture,Danielborough,Davidside,138,69,40,2023-12-13
Kyle Rose,6116,Furniture,Laurieborough,New Susanport,94,79,28,2023-12-14
Melinda Jackson,1724,Clothing,West Douglastown,Emilyland,395,83,7,2023-12-28
Harold Phillips,9163,Electronics,Lake Jeffrey,Perezhaven,362,82,60,2023-12-25
Kathryn Ross,4334,Clothing,South Julieville,South Chasechester,397,39,28,2023-12-19
Ricardo Walker,6497,Food,New Cheryl,Jenniferchester,301,92,74,2023-12-06
Jonathan Donaldson,1925,Food,Timothyshire,South Raymondtown,53,29,1,2023-12-05
Dana Nelson,9007,Food,Lake Theodore,Gregorychester,186,66,43,2023-12-04
Victor Pham,2277,Furniture,Port Robert,Leonside,385,38,33,2023-12-20
Taylor Huff,5308,Clothing,North Richard,Moseston,408,41,3,2023-12-20
Bethany Rose,8561,Clothing,Tammyfort,Port Rebekahtown,402,98,10,2023-11-30
Jennifer Ortiz,6145,Food,Cochranchester,New Stephanieshire,142,97,73,2023-12-14
Christina Osborn,2192,Furniture,Vazquezborough,Jamesstad,257,88,13,2023-12-27
Erica Jennings,9982,Food,Melissaton,Brianville,341,30,11,2023-12-28
Alexandra Rose,4339,Furniture,West Caseyfort,North Teresa,443,89,7,2023-12-01
Robert Mcgee,8346,Clothing,Stephenfort,Lake Christopherport,423,89,3,2023-12-18
Ian Wood,4032,Electronics,South Sarah,Alyssaburgh,262,79,52,2023-12-12
Olivia Jimenez,7631,Furniture,Karenmouth,East Davidborough,109,40,26,2023-12-05
Natasha Howell,3521,Electronics,New Victorialand,Hannahport,359,76,76,2023-12-19
Jonathan Stephens,2863,Food,Davidfurt,Christophermouth,197,27,1,2023-11-30
Erin Duncan,6080,Food,Brendafort,North Rebeccashire,102,100,40,2023-12-01
Patrick Palmer,7832,Clothing,Michellefort,South Vanessaview,276,56,6,2023-12-27
Bridget Carey,7536,Food,South Heather,Traceyport,126,37,17,2023-11-29
Maria Johnson,8960,Food,West Tammybury,West Chadtown,228,37,13,2023-12-14
James Watkins,5514,Food,Jackbury,Dennisbury,460,74,40,2023-11-29
Andrew Griffin,8571,Food,Leeside,Port Micheleberg,190,25,22,2023-12-08
Nicholas Kelley,6465,Electronics,Atkinsland,West Danielbury,474,26,12,2023-12-17
Kenneth Thompson,2946,Electronics,West Cassidy,Mccartyton,486,75,16,2023-12-20
Ashley Baker,1753,Electronics,Osborneburgh,South Jennifer,396,55,24,2023-12-12
Joseph Fisher,7563,Furniture,East Madisonmouth,North Elizabeth,230,39,38,2023-11-29
Laura Rivas,3646,Clothing,Port Annamouth,Smithberg,411,35,17,2023-12-09
Nicholas Mccoy,6344,Furniture,North Dennisland,Barberland,494,95,36,2023-11-30
Mr. Christopher Martinez II,3061,Food,East Paulaside,Humphreyland,437,76,69,2023-12-17
Kathy Henry,3256,Furniture,Schaeferchester,Gonzaleschester,473,88,51,2023-12-28
Bryan Krueger,6728,Furniture,East Suzanneborough,Turnerberg,254,83,20,2023-12-28
Dana Figueroa,9735,Electronics,South Brianaland,North Patricia,342,78,13,2023-12-28
Jeffrey Henry,2620,Electronics,Port Paulamouth,Perezchester,168,24,24,2023-12-18
Derrick Dunn,6780,Electronics,Travisburgh,Lake Ashleyborough,138,28,5,2023-12-25
Timothy Pittman,6352,Food,East Charles,Lake Sarah,377,51,5,2023-11-30
Sheri Thomas,4799,Furniture,New John,Bartonburgh,498,49,40,2023-12-09
Christine Brown,7215,Furniture,Samuelside,Johntown,103,30,24,2023-12-01
Martha Mcgee,6974,Electronics,South Julie,Johnsonville,74,85,66,2023-12-11
Angela Hutchinson,9017,Clothing,New Jessica,Travisborough,219,26,16,2023-12-21
Logan Lopez,1195,Electronics,North Tanyaton,Port Cynthiafort,313,70,66,2023-12-05
Dr. Ryan Williams,6115,Food,Harrismouth,West Nicole,222,52,37,2023-12-23
Sherry Stephens,9276,Clothing,Gloverburgh,New Davidchester,188,35,19,2023-12-09
Joseph Gomez,8635,Furniture,Lake Jeffrey,North Kaylaville,114,50,40,2023-11-30
Alex Shepherd,1346,Clothing,Emilymouth,East Haleyport,320,89,45,2023-12-12
Amy Fernandez,2150,Food,Mitchellview,East Mariachester,347,71,27,2023-12-22
Natalie Rubio,9977,Furniture,Clarkfurt,Waltontown,322,51,51,2023-12-22
Michael Ramos,2227,Clothing,Noahfurt,Davidton,278,37,5,2023-12-10
Brandon Middleton,1050,Electronics,Gomezstad,Rebeccatown,135,84,6,2023-12-10
Charlotte White,1961,Electronics,North Jordanview,Claytonfurt,338,59,11,2023-12-13
Jared Parker,2883,Furniture,Lake Christopher,Warnermouth,163,42,14,2023-12-02
Derek Olson,1302,Electronics,South Karenport,Walkermouth,399,38,13,2023-12-21
Clayton Peterson,3247,Electronics,Brownfort,Port Eric,237,93,74,2023-12-02
Tonya Colon,6727,Clothing,Lake Matthew,Taraton,396,78,28,2023-11-30
Craig Collins,9493,Clothing,Taylorside,Elizabethtown,201,60,19,2023-12-03
Matthew Summers,7021,Clothing,Lake Courtney,West Timothy,89,51,50,2023-12-18
Alex Schmitt,5962,Furniture,Haroldchester,Millerstad,131,47,46,2023-12-14
Justin Stein,7388,Clothing,Debraville,Braunhaven,266,60,48,2023-12-12
John Payne,2466,Food,Lake Sherri,West Cody,383,51,26,2023-12-11
Nathaniel Conner,6116,Electronics,Daltonshire,Crystalburgh,448,85,36,2023-12-28
Michael Williams,1141,Food,Robertschester,Reyesstad,121,62,48,2023-12-28
Luis Farrell,5921,Furniture,North Wendy,South Jacquelineside,256,58,14,2023-12-03
Kelsey Dalton,7832,Food,Port Amandafort,North Amy,241,45,22,2023-12-07
Debra Thomas,7374,Food,Port Aliciamouth,East Patricktown,130,52,7,2023-12-02
Richard Walls,6600,Furniture,North Scott,Christymouth,157,35,26,2023-12-02
Stacy Quinn,9589,Clothing,Priceside,North Matthew,491,30,6,2023-12-06
Eric Rodgers,9655,Electronics,West Ernest,Port Laura,440,46,35,2023-12-18
Susan Chaney,4193,Food,Lake Daleton,South Shelly,221,36,33,2023-12-20
Suzanne Richardson,7207,Furniture,South Kevin,Port Stacyfurt,315,29,19,2023-12-20
Drew Rivera Jr.,3480,Clothing,Port Adriennehaven,Davidfurt,372,35,26,2023-12-03
Katherine Price,3989,Furniture,Raymondchester,Lake Craig,456,73,51,2023-12-14
Tricia Kim,3874,Electronics,Christopherville,Grahamstad,311,97,84,2023-12-21
Jennifer Davis,9756,Furniture,West Sharon,Deborahmouth,107,92,8,2023-12-12
Darlene Fuller,4555,Furniture,North Travisbury,Snyderburgh,199,47,18,2023-12-25
Cheryl Massey,3413,Clothing,Williamfort,Lake Leeville,133,42,17,2023-12-17
Jennifer Schmidt,7299,Food,North Jillfurt,Hunterport,413,96,9,2023-12-24
Theresa Atkinson,5373,Electronics,Lake Jasonhaven,Brendaside,213,99,12,2023-12-02
Sarah Ayers,9355,Furniture,Jennyfurt,North Audreytown,222,46,12,2023-12-21
Adam Santana,5111,Electronics,Port Debbieside,Wheelerville,257,53,49,2023-12-24
Valerie Gibson,4589,Furniture,Barrettburgh,Turnershire,191,69,44,2023-12-14
Donald Carlson,7505,Furniture,Coreyfort,Princefort,139,68,52,2023-12-16
Jerry Myers,1346,Electronics,Phillipburgh,Mercedesville,235,89,22,2023-12-13
Joshua Terrell,4429,Furniture,East Christinemouth,Terrenceburgh,384,22,15,2023-12-12
Amanda Mcdonald,9441,Electronics,Laurentown,Cooleyville,74,71,69,2023-11-30
Tammy Leach,9560,Electronics,Gregorymouth,South Virginia,278,22,3,2023-12-26
Robert Brown,8694,Furniture,South Amber,Port Christinatown,240,61,10,2023-12-18
Chloe Schmidt,8241,Food,Russofort,New Robert,269,92,13,2023-12-03
Patricia Savage,7156,Electronics,West Tarashire,Kellershire,68,34,30,2023-12-14
Casey Moore,8253,Clothing,West Steven,Ashleyfort,197,82,55,2023-12-09
Steven Howard,5215,Food,Lake Kaylamouth,Smithport,289,33,31,2023-12-21
Julia Norris,7299,Clothing,East Bobbytown,Eatonborough,469,53,47,2023-12-26
Michelle Thompson,5153,Food,Lake Taylorfort,Careyview,173,81,79,2023-12-27
Charles Gomez,5788,Clothing,West Danielfurt,Hoodside,73,77,1,2023-12-02
Amy Blankenship,9768,Furniture,Sharontown,Larryside,180,34,26,2023-12-19
Mark Mercer,9904,Furniture,Floresfort,East Rebeccachester,166,46,13,2023-12-09
Tyler Stewart,2486,Clothing,Matthewborough,Valenciastad,400,59,11,2023-12-02
Steven Mason,2638,Food,Waltonbury,East Jeffrey,398,25,5,2023-12-08
Jessica Jensen,9709,Furniture,Jacksonmouth,Port Nathanshire,451,99,30,2023-12-22
George Adams,9051,Electronics,Marcmouth,East Justin,366,26,22,2023-12-07
Corey Bright,8026,Electronics,Lake Kelseyland,Allisonburgh,264,35,14,2023-12-28
Judith Brown,6301,Food,Port Scott,Millerchester,183,45,22,2023-12-16
Theresa Hunter,1559,Furniture,South Patriciafort,Rickyhaven,98,87,27,2023-12-09
James Mora,8273,Food,Pereztown,Simsberg,154,81,42,2023-12-21
Maurice Yu,1589,Furniture,Melissafort,Port Kevin,500,31,14,2023-12-11
Mary Hernandez,8982,Food,North Eric,North Collinburgh,489,24,15,2023-12-16
Patricia Thomas,6322,Food,South Susanmouth,Kellyberg,256,52,46,2023-12-03
Ashley Gentry,3377,Furniture,West Amy,Eileenland,177,45,1,2023-12-26
Gabriel Acosta,9806,Clothing,Schmidtstad,South Christopherborough,497,56,16,2023-12-28
